#,dataset_id,tcgdex_id,card_name,set_name,card_number,set_total,rarity,search_query,image_url,source_page,notes,VERIFIED
1,en-ecard2-103a,ecard2-103a,Porygon,Aquapolis,103a,147,Common,Porygon Aquapolis 103a/147 pokemon card,,,no image found - Aquapolis a/b variant,
2,en-ecard2-103b,ecard2-103b,Porygon,Aquapolis,103b,147,Common,Porygon Aquapolis 103b/147 pokemon card,,,no image found - Aquapolis a/b variant,
3,en-ecard2-50a,ecard2-50a,Golduck,Aquapolis,50a,147,Uncommon,Golduck Aquapolis 50a/147 pokemon card,,,no image found - Aquapolis a/b variant,
4,en-ecard2-50b,ecard2-50b,Golduck,Aquapolis,50b,147,Uncommon,Golduck Aquapolis 50b/147 pokemon card,,,no image found - Aquapolis a/b variant,
5,en-ecard2-74a,ecard2-74a,Drowzee,Aquapolis,74a,147,Common,Drowzee Aquapolis 74a/147 pokemon card,,,no image found - Aquapolis a/b variant,
6,en-ecard2-74b,ecard2-74b,Drowzee,Aquapolis,74b,147,Common,Drowzee Aquapolis 74b/147 pokemon card,,,no image found - Aquapolis a/b variant,
7,en-ecard2-95a,ecard2-95a,Mr. Mime,Aquapolis,95a,147,Common,Mr. Mime Aquapolis 95a/147 pokemon card,,,no image found - Aquapolis a/b variant,
8,en-ecard2-95b,ecard2-95b,Mr. Mime,Aquapolis,95b,147,Common,Mr. Mime Aquapolis 95b/147 pokemon card,,,no image found - Aquapolis a/b variant,
9,en-ecard2-H01,ecard2-H01,Ampharos,Aquapolis,H01,147,Holo Rare,Ampharos Aquapolis H01/147 pokemon card,https://pkmncards.com/wp-content/uploads/h01-ampharos-expedition.jpg,https://pkmncards.com/card/ampharos-aquapolis-aq-h1/,Exact name/set/print matched on pkmncards.com; source page HTTP 200; direct JPEG HTTP 200; SHA-256 a7c93e8c60af5899.,yes
10,en-ecard2-H02,ecard2-H02,Arcanine,Aquapolis,H02,147,Holo Rare,Arcanine Aquapolis H02/147 pokemon card,https://pkmncards.com/wp-content/uploads/h02-arcanaine-expedition.jpg,https://pkmncards.com/card/arcanine-aquapolis-aq-h2/,Exact name/set/print matched on pkmncards.com; source page HTTP 200; direct JPEG HTTP 200; SHA-256 aedfc84ef8441ce4.,yes
11,en-ecard2-H03,ecard2-H03,Ariados,Aquapolis,H03,147,Holo Rare,Ariados Aquapolis H03/147 pokemon card,https://pkmncards.com/wp-content/uploads/h03-ariados-expedition.jpg,https://pkmncards.com/card/ariados-aquapolis-aq-h3/,Exact name/set/print matched on pkmncards.com; source page HTTP 200; direct JPEG HTTP 200; SHA-256 32e73ca42f220366.,yes
12,en-ecard2-H04,ecard2-H04,Azumarill,Aquapolis,H04,147,Holo Rare,Azumarill Aquapolis H04/147 pokemon card,https://pkmncards.com/wp-content/uploads/h04-azumarill-expedition.jpg,https://pkmncards.com/card/azumarill-aquapolis-aq-h4/,Exact name/set/print matched on pkmncards.com; source page HTTP 200; direct JPEG HTTP 200; SHA-256 4866bebb13a032b6.,yes
13,en-ecard2-H05,ecard2-H05,Bellossom,Aquapolis,H05,147,Holo Rare,Bellossom Aquapolis H05/147 pokemon card,https://pkmncards.com/wp-content/uploads/h05-bellossom-expedition.jpg,https://pkmncards.com/card/bellossom-aquapolis-aq-h5/,Exact name/set/print matched on pkmncards.com; source page HTTP 200; direct JPEG HTTP 200; SHA-256 22cc9056d5849303.,yes
14,en-ecard2-H06,ecard2-H06,Blissey,Aquapolis,H06,147,Holo Rare,Blissey Aquapolis H06/147 pokemon card,https://pkmncards.com/wp-content/uploads/h06-blissey-expedition.jpg,https://pkmncards.com/card/blissey-aquapolis-aq-h6/,Exact name/set/print matched on pkmncards.com; source page HTTP 200; direct JPEG HTTP 200; SHA-256 906ab9b75791b44b.,yes
15,en-ecard2-H07,ecard2-H07,Electrode,Aquapolis,H07,147,Holo Rare,Electrode Aquapolis H07/147 pokemon card,https://pkmncards.com/wp-content/uploads/h07-electrode-expedition.jpg,https://pkmncards.com/card/electrode-aquapolis-aq-h7/,Exact name/set/print matched on pkmncards.com; source page HTTP 200; direct JPEG HTTP 200; SHA-256 fc28f2293365d849.,yes
16,en-ecard2-H08,ecard2-H08,Entei,Aquapolis,H08,147,Holo Rare,Entei Aquapolis H08/147 pokemon card,https://pkmncards.com/wp-content/uploads/h08-entei-expedition.jpg,https://pkmncards.com/card/entei-aquapolis-aq-h8/,Exact name/set/print matched on pkmncards.com; source page HTTP 200; direct JPEG HTTP 200; SHA-256 ede25d139244185e.,yes
17,en-ecard2-H09,ecard2-H09,Espeon,Aquapolis,H09,147,Holo Rare,Espeon Aquapolis H09/147 pokemon card,https://pkmncards.com/wp-content/uploads/h09-espeon-expedition.jpg,https://pkmncards.com/card/espeon-aquapolis-aq-h9/,Exact name/set/print matched on pkmncards.com; source page HTTP 200; direct JPEG HTTP 200; SHA-256 9f03419f451fd396.,yes
18,en-ecard2-H10,ecard2-H10,Exeggutor,Aquapolis,H10,147,Holo Rare,Exeggutor Aquapolis H10/147 pokemon card,https://pkmncards.com/wp-content/uploads/h10-exeggutor-expedition.jpg,https://pkmncards.com/card/exeggutor-aquapolis-aq-h10/,Exact name/set/print matched on pkmncards.com; source page HTTP 200; direct JPEG HTTP 200; SHA-256 1b7094683fea06bf.,yes
19,en-ecard2-H11,ecard2-H11,Houndoom,Aquapolis,H11,147,Holo Rare,Houndoom Aquapolis H11/147 pokemon card,https://pkmncards.com/wp-content/uploads/h11-houndoom-expedition.jpg,https://pkmncards.com/card/houndoom-aquapolis-aq-h11/,Exact name/set/print matched on pkmncards.com; source page HTTP 200; direct JPEG HTTP 200; SHA-256 87003851cfa1e446.,yes
20,en-ecard2-H12,ecard2-H12,Hypno,Aquapolis,H12,147,Holo Rare,Hypno Aquapolis H12/147 pokemon card,https://pkmncards.com/wp-content/uploads/h12-hypno-expedition.jpg,https://pkmncards.com/card/hypno-aquapolis-aq-h12/,Exact name/set/print matched on pkmncards.com; source page HTTP 200; direct JPEG HTTP 200; SHA-256 a7f54474766329bc.,yes
21,en-ecard2-H13,ecard2-H13,Jumpluff,Aquapolis,H13,147,Holo Rare,Jumpluff Aquapolis H13/147 pokemon card,https://pkmncards.com/wp-content/uploads/h13-jumpluff-expedition.jpg,https://pkmncards.com/card/jumpluff-aquapolis-aq-h13/,Exact name/set/print matched on pkmncards.com; source page HTTP 200; direct JPEG HTTP 200; SHA-256 c27e0ff512fdb860.,yes
22,en-ecard2-H14,ecard2-H14,Kingdra,Aquapolis,H14,147,Holo Rare,Kingdra Aquapolis H14/147 pokemon card,https://pkmncards.com/wp-content/uploads/h14-kingdra-expedition.jpg,https://pkmncards.com/card/kingdra-aquapolis-aq-h14/,Exact name/set/print matched on pkmncards.com; source page HTTP 200; direct JPEG HTTP 200; SHA-256 73797024436e3310.,yes
23,en-ecard2-H15,ecard2-H15,Lanturn,Aquapolis,H15,147,Holo Rare,Lanturn Aquapolis H15/147 pokemon card,https://pkmncards.com/wp-content/uploads/h15-lanturn-expedition.jpg,https://pkmncards.com/card/lanturn-aquapolis-aq-h15/,Exact name/set/print matched on pkmncards.com; source page HTTP 200; direct JPEG HTTP 200; SHA-256 0f287bf014f22c45.,yes
24,en-ecard2-H16,ecard2-H16,Magneton,Aquapolis,H16,147,Holo Rare,Magneton Aquapolis H16/147 pokemon card,https://pkmncards.com/wp-content/uploads/h16-magneton-expedition.jpg,https://pkmncards.com/card/magneton-aquapolis-aq-h16/,Exact name/set/print matched on pkmncards.com; source page HTTP 200; direct JPEG HTTP 200; SHA-256 832980abe33e006e.,yes
25,en-ecard2-H17,ecard2-H17,Muk,Aquapolis,H17,147,Holo Rare,Muk Aquapolis H17/147 pokemon card,https://pkmncards.com/wp-content/uploads/h17-muk-expedition.jpg,https://pkmncards.com/card/muk-aquapolis-aq-h17/,Exact name/set/print matched on pkmncards.com; source page HTTP 200; direct JPEG HTTP 200; SHA-256 03cdc12c80fc9c7c.,yes
26,en-ecard2-H18,ecard2-H18,Nidoking,Aquapolis,H18,147,Holo Rare,Nidoking Aquapolis H18/147 pokemon card,https://pkmncards.com/wp-content/uploads/h18-nidoking-expedition.jpg,https://pkmncards.com/card/nidoking-aquapolis-aq-h18/,Exact name/set/print matched on pkmncards.com; source page HTTP 200; direct JPEG HTTP 200; SHA-256 4c753560090686fd.,yes
27,en-ecard2-H19,ecard2-H19,Ninetales,Aquapolis,H19,147,Holo Rare,Ninetales Aquapolis H19/147 pokemon card,https://pkmncards.com/wp-content/uploads/h19-ninetales-expedition.jpg,https://pkmncards.com/card/ninetales-aquapolis-aq-h19/,Exact name/set/print matched on pkmncards.com; source page HTTP 200; direct JPEG HTTP 200; SHA-256 5c6810b4f1a06a3e.,yes
28,en-ecard2-H20,ecard2-H20,Octillery,Aquapolis,H20,147,Holo Rare,Octillery Aquapolis H20/147 pokemon card,https://pkmncards.com/wp-content/uploads/h20-octillery-expedition.jpg,https://pkmncards.com/card/octillery-aquapolis-aq-h20/,Exact name/set/print matched on pkmncards.com; source page HTTP 200; direct JPEG HTTP 200; SHA-256 306a0f788d459a22.,yes
29,en-ecard2-H21,ecard2-H21,Scizor,Aquapolis,H21,147,Holo Rare,Scizor Aquapolis H21/147 pokemon card,https://pkmncards.com/wp-content/uploads/h21-scizor-expedition.jpg,https://pkmncards.com/card/scizor-aquapolis-aq-h21/,Exact name/set/print matched on pkmncards.com; source page HTTP 200; direct JPEG HTTP 200; SHA-256 4cd50eea9cf08226.,yes
30,en-ecard2-H22,ecard2-H22,Slowking,Aquapolis,H22,147,Holo Rare,Slowking Aquapolis H22/147 pokemon card,https://pkmncards.com/wp-content/uploads/h22-slowking-expedition.jpg,https://pkmncards.com/card/slowking-aquapolis-aq-h22/,Exact name/set/print matched on pkmncards.com; source page HTTP 200; direct JPEG HTTP 200; SHA-256 fb672423272673b9.,yes
31,en-ecard2-H23,ecard2-H23,Steelix,Aquapolis,H23,147,Holo Rare,Steelix Aquapolis H23/147 pokemon card,https://pkmncards.com/wp-content/uploads/h23-steelix-expedition.jpg,https://pkmncards.com/card/steelix-aquapolis-aq-h23/,Exact name/set/print matched on pkmncards.com; source page HTTP 200; direct JPEG HTTP 200; SHA-256 b7f4d8debda74d8c.,yes
32,en-ecard2-H24,ecard2-H24,Sudowoodo,Aquapolis,H24,147,Holo Rare,Sudowoodo Aquapolis H24/147 pokemon card,https://pkmncards.com/wp-content/uploads/h24-sudowoodo-expedition.jpg,https://pkmncards.com/card/sudowoodo-aquapolis-aq-h24/,Exact name/set/print matched on pkmncards.com; source page HTTP 200; direct JPEG HTTP 200; SHA-256 ec68e41db82251fc.,yes
33,en-ecard2-H25,ecard2-H25,Suicune,Aquapolis,H25,147,Holo Rare,Suicune Aquapolis H25/147 pokemon card,https://pkmncards.com/wp-content/uploads/h25-suicune-expedition.jpg,https://pkmncards.com/card/suicune-aquapolis-aq-h25/,Exact name/set/print matched on pkmncards.com; source page HTTP 200; direct JPEG HTTP 200; SHA-256 f1359bb80e93158e.,yes
34,en-ecard2-H26,ecard2-H26,Tentacruel,Aquapolis,H26,147,Holo Rare,Tentacruel Aquapolis H26/147 pokemon card,https://pkmncards.com/wp-content/uploads/h26-tentacruel-expedition.jpg,https://pkmncards.com/card/tentacruel-aquapolis-aq-h26/,Exact name/set/print matched on pkmncards.com; source page HTTP 200; direct JPEG HTTP 200; SHA-256 6c4917197dfde798.,yes
35,en-ecard2-H27,ecard2-H27,Togetic,Aquapolis,H27,147,Holo Rare,Togetic Aquapolis H27/147 pokemon card,https://pkmncards.com/wp-content/uploads/h27-togetic-expedition.jpg,https://pkmncards.com/card/togetic-aquapolis-aq-h27/,Exact name/set/print matched on pkmncards.com; source page HTTP 200; direct JPEG HTTP 200; SHA-256 ec4e9e6ac460b987.,yes
36,en-ecard2-H28,ecard2-H28,Tyranitar,Aquapolis,H28,147,Holo Rare,Tyranitar Aquapolis H28/147 pokemon card,https://pkmncards.com/wp-content/uploads/h28-tyranitar-expedition.jpg,https://pkmncards.com/card/tyranitar-aquapolis-aq-h28/,Exact name/set/print matched on pkmncards.com; source page HTTP 200; direct JPEG HTTP 200; SHA-256 8710f33b28572a33.,yes
37,en-ecard2-H29,ecard2-H29,Umbreon,Aquapolis,H29,147,Holo Rare,Umbreon Aquapolis H29/147 pokemon card,https://pkmncards.com/wp-content/uploads/h29-umbreon-expedition.jpg,https://pkmncards.com/card/umbreon-aquapolis-aq-h29/,Exact name/set/print matched on pkmncards.com; source page HTTP 200; direct JPEG HTTP 200; SHA-256 8b6dedf224cb322f.,yes
38,en-ecard2-H30,ecard2-H30,Victreebel,Aquapolis,H30,147,Holo Rare,Victreebel Aquapolis H30/147 pokemon card,https://pkmncards.com/wp-content/uploads/h30-victreebel-expedition.jpg,https://pkmncards.com/card/victreebel-aquapolis-aq-h30/,Exact name/set/print matched on pkmncards.com; source page HTTP 200; direct JPEG HTTP 200; SHA-256 1624d9c0a17eb94d.,yes
39,en-ecard2-H31,ecard2-H31,Vileplume,Aquapolis,H31,147,Holo Rare,Vileplume Aquapolis H31/147 pokemon card,https://pkmncards.com/wp-content/uploads/h31-vileplume-expedition.jpg,https://pkmncards.com/card/vileplume-aquapolis-aq-h31/,Exact name/set/print matched on pkmncards.com; source page HTTP 200; direct JPEG HTTP 200; SHA-256 d136c249264a4c81.,yes
40,en-ecard2-H32,ecard2-H32,Zapdos,Aquapolis,H32,147,Holo Rare,Zapdos Aquapolis H32/147 pokemon card,https://pkmncards.com/wp-content/uploads/h32-zapdos-expedition.jpg,https://pkmncards.com/card/zapdos-aquapolis-aq-h32/,Exact name/set/print matched on pkmncards.com; source page HTTP 200; direct JPEG HTTP 200; SHA-256 36bff6b265aa1ed3.,yes
41,en-swsh10tg-TG01,swsh10tg-TG01,Abomasnow,Astral Radiance Trainer Gallery,TG01,30,Rare,Abomasnow Astral Radiance Trainer Gallery TG01/30 pokemon card,https://pkmncards.com/wp-content/uploads/en_US-SWSH10-TG001-abomasnow.png,https://pkmncards.com/card/abomasnow-astral-radiance-asr-tg01/,Exact name/set/print matched on pkmncards.com; source page HTTP 200; direct PNG HTTP 200; SHA-256 87716cccc85e6a36.,yes
42,en-swsh10tg-TG02,swsh10tg-TG02,Flapple,Astral Radiance Trainer Gallery,TG02,30,Rare,Flapple Astral Radiance Trainer Gallery TG02/30 pokemon card,https://pkmncards.com/wp-content/uploads/en_US-SWSH10-TG002-flapple.png,https://pkmncards.com/card/flapple-astral-radiance-asr-tg02/,Exact name/set/print matched on pkmncards.com; source page HTTP 200; direct PNG HTTP 200; SHA-256 b784eae1d2e4d2a2.,yes
43,en-swsh10tg-TG03,swsh10tg-TG03,Kingdra,Astral Radiance Trainer Gallery,TG03,30,Rare,Kingdra Astral Radiance Trainer Gallery TG03/30 pokemon card,https://pkmncards.com/wp-content/uploads/en_US-SWSH10-TG003-kingdra.png,https://pkmncards.com/card/kingdra-astral-radiance-asr-tg03/,Exact name/set/print matched on pkmncards.com; source page HTTP 200; direct PNG HTTP 200; SHA-256 e1138560ccf5a0fc.,yes
44,en-swsh10tg-TG04,swsh10tg-TG04,Frosmoth,Astral Radiance Trainer Gallery,TG04,30,Rare,Frosmoth Astral Radiance Trainer Gallery TG04/30 pokemon card,https://pkmncards.com/wp-content/uploads/en_US-SWSH10-TG004-frosmoth.png,https://pkmncards.com/card/frosmoth-astral-radiance-asr-tg04/,Exact name/set/print matched on pkmncards.com; source page HTTP 200; direct PNG HTTP 200; SHA-256 c33d04a558a6e17e.,yes
45,en-swsh10tg-TG05,swsh10tg-TG05,Gardevoir,Astral Radiance Trainer Gallery,TG05,30,Rare,Gardevoir Astral Radiance Trainer Gallery TG05/30 pokemon card,https://pkmncards.com/wp-content/uploads/en_US-SWSH10-TG005-gardevoir.png,https://pkmncards.com/card/gardevoir-astral-radiance-asr-tg05/,Exact name/set/print matched on pkmncards.com; source page HTTP 200; direct PNG HTTP 200; SHA-256 240ac8ff7fd2fbf9.,yes
46,en-swsh10tg-TG06,swsh10tg-TG06,Wyrdeer,Astral Radiance Trainer Gallery,TG06,30,Rare,Wyrdeer Astral Radiance Trainer Gallery TG06/30 pokemon card,https://pkmncards.com/wp-content/uploads/en_US-SWSH10-TG006-wyrdeer.png,https://pkmncards.com/card/wyrdeer-astral-radiance-asr-tg06/,Exact name/set/print matched on pkmncards.com; source page HTTP 200; direct PNG HTTP 200; SHA-256 c431dd29916f1833.,yes
47,en-swsh10tg-TG07,swsh10tg-TG07,Falinks,Astral Radiance Trainer Gallery,TG07,30,Rare,Falinks Astral Radiance Trainer Gallery TG07/30 pokemon card,https://pkmncards.com/wp-content/uploads/en_US-SWSH10-TG007-falinks.png,https://pkmncards.com/card/falinks-astral-radiance-asr-tg07/,Exact name/set/print matched on pkmncards.com; source page HTTP 200; direct PNG HTTP 200; SHA-256 770853f95bb843a3.,yes
48,en-swsh10tg-TG08,swsh10tg-TG08,Kleavor,Astral Radiance Trainer Gallery,TG08,30,Rare,Kleavor Astral Radiance Trainer Gallery TG08/30 pokemon card,https://pkmncards.com/wp-content/uploads/en_US-SWSH10-TG008-kleavor.png,https://pkmncards.com/card/kleavor-astral-radiance-asr-tg08/,Exact name/set/print matched on pkmncards.com; source page HTTP 200; direct PNG HTTP 200; SHA-256 b8bc6ad26924cdcc.,yes
49,en-swsh10tg-TG09,swsh10tg-TG09,Mightyena,Astral Radiance Trainer Gallery,TG09,30,Rare,Mightyena Astral Radiance Trainer Gallery TG09/30 pokemon card,https://pkmncards.com/wp-content/uploads/en_US-SWSH10-TG009-mightyena.png,https://pkmncards.com/card/mightyena-astral-radiance-asr-tg09/,Exact name/set/print matched on pkmncards.com; source page HTTP 200; direct PNG HTTP 200; SHA-256 10bdddb4e91f70eb.,yes
50,en-swsh10tg-TG10,swsh10tg-TG10,Galarian Obstagoon,Astral Radiance Trainer Gallery,TG10,30,Rare,Galarian Obstagoon Astral Radiance Trainer Gallery TG10/30 pokemon card,https://pkmncards.com/wp-content/uploads/en_US-SWSH10-TG010-galarian_obstagoon.png,https://pkmncards.com/card/galarian-obstagoon-astral-radiance-asr-tg10/,Exact name/set/print matched on pkmncards.com; source page HTTP 200; direct PNG HTTP 200; SHA-256 a6302b0f173e17f8.,yes
51,en-swsh10tg-TG11,swsh10tg-TG11,Bronzong,Astral Radiance Trainer Gallery,TG11,30,Rare,Bronzong Astral Radiance Trainer Gallery TG11/30 pokemon card,https://pkmncards.com/wp-content/uploads/en_US-SWSH10-TG011-bronzong.png,https://pkmncards.com/card/bronzong-astral-radiance-asr-tg11/,Exact name/set/print matched on pkmncards.com; source page HTTP 200; direct PNG HTTP 200; SHA-256 5a65d65ca07cfa67.,yes
52,en-swsh10tg-TG12,swsh10tg-TG12,Hoothoot,Astral Radiance Trainer Gallery,TG12,30,Rare,Hoothoot Astral Radiance Trainer Gallery TG12/30 pokemon card,https://pkmncards.com/wp-content/uploads/en_US-SWSH10-TG012-hoothoot.png,https://pkmncards.com/card/hoothoot-astral-radiance-asr-tg12/,Exact name/set/print matched on pkmncards.com; source page HTTP 200; direct PNG HTTP 200; SHA-256 7f2c59a90e98867e.,yes
53,en-swsh10tg-TG13,swsh10tg-TG13,Starmie V,Astral Radiance Trainer Gallery,TG13,30,Ultra Rare,Starmie V Astral Radiance Trainer Gallery TG13/30 pokemon card,https://pkmncards.com/wp-content/uploads/en_US-SWSH10-TG013-starmie_v.png,https://pkmncards.com/card/starmie-v-astral-radiance-asr-tg13/,Exact name/set/print matched on pkmncards.com; source page HTTP 200; direct PNG HTTP 200; SHA-256 ebae02a6b49a80b1.,yes
54,en-swsh10tg-TG14,swsh10tg-TG14,Ice Rider Calyrex V,Astral Radiance Trainer Gallery,TG14,30,Ultra Rare,Ice Rider Calyrex V Astral Radiance Trainer Gallery TG14/30 pokemon card,https://pkmncards.com/wp-content/uploads/en_US-SWSH10-TG014-ice_rider_calyrex_v.png,https://pkmncards.com/card/ice-rider-calyrex-v-astral-radiance-asr-tg14/,Exact name/set/print matched on pkmncards.com; source page HTTP 200; direct PNG HTTP 200; SHA-256 1fa47e7168561476.,yes
55,en-swsh10tg-TG15,swsh10tg-TG15,Ice Rider Calyrex VMAX,Astral Radiance Trainer Gallery,TG15,30,Ultra Rare,Ice Rider Calyrex VMAX Astral Radiance Trainer Gallery TG15/30 pokemon card,https://pkmncards.com/wp-content/uploads/en_US-SWSH10-TG015-ice_rider_calyrex_vmax.png,https://pkmncards.com/card/ice-rider-calyrex-vmax-astral-radiance-asr-tg15/,Exact name/set/print matched on pkmncards.com; source page HTTP 200; direct PNG HTTP 200; SHA-256 2f885342ac159b25.,yes
56,en-swsh10tg-TG16,swsh10tg-TG16,Galarian Articuno V,Astral Radiance Trainer Gallery,TG16,30,Ultra Rare,Galarian Articuno V Astral Radiance Trainer Gallery TG16/30 pokemon card,https://pkmncards.com/wp-content/uploads/en_US-SWSH10-TG016-galarian_articuno_v.png,https://pkmncards.com/card/galarian-articuno-v-astral-radiance-asr-tg16/,Exact name/set/print matched on pkmncards.com; source page HTTP 200; direct PNG HTTP 200; SHA-256 a0cabe9cce22c1a8.,yes
57,en-swsh10tg-TG17,swsh10tg-TG17,Shadow Rider Calyrex V,Astral Radiance Trainer Gallery,TG17,30,Ultra Rare,Shadow Rider Calyrex V Astral Radiance Trainer Gallery TG17/30 pokemon card,https://pkmncards.com/wp-content/uploads/en_US-SWSH10-TG017-shadow_rider_calyrex_v.png,https://pkmncards.com/card/shadow-rider-calyrex-v-astral-radiance-asr-tg17/,Exact name/set/print matched on pkmncards.com; source page HTTP 200; direct PNG HTTP 200; SHA-256 fab07e16de63b00b.,yes
58,en-swsh10tg-TG18,swsh10tg-TG18,Shadow Rider Calyrex VMAX,Astral Radiance Trainer Gallery,TG18,30,Ultra Rare,Shadow Rider Calyrex VMAX Astral Radiance Trainer Gallery TG18/30 pokemon card,https://pkmncards.com/wp-content/uploads/en_US-SWSH10-TG018-shadow_rider_calyrex_vmax.png,https://pkmncards.com/card/shadow-rider-calyrex-vmax-astral-radiance-asr-tg18/,Exact name/set/print matched on pkmncards.com; source page HTTP 200; direct PNG HTTP 200; SHA-256 99cf0b3246859d14.,yes
59,en-swsh10tg-TG19,swsh10tg-TG19,Galarian Zapdos V,Astral Radiance Trainer Gallery,TG19,30,Ultra Rare,Galarian Zapdos V Astral Radiance Trainer Gallery TG19/30 pokemon card,https://pkmncards.com/wp-content/uploads/en_US-SWSH10-TG019-galarian_zapdos_v.png,https://pkmncards.com/card/galarian-zapdos-v-astral-radiance-asr-tg19/,Exact name/set/print matched on pkmncards.com; source page HTTP 200; direct PNG HTTP 200; SHA-256 dbce01a10de2bcd6.,yes
60,en-swsh10tg-TG20,swsh10tg-TG20,Galarian Moltres V,Astral Radiance Trainer Gallery,TG20,30,Ultra Rare,Galarian Moltres V Astral Radiance Trainer Gallery TG20/30 pokemon card,https://pkmncards.com/wp-content/uploads/en_US-SWSH10-TG020-galarian_moltres_v.png,https://pkmncards.com/card/galarian-moltres-v-astral-radiance-asr-tg20/,Exact name/set/print matched on pkmncards.com; source page HTTP 200; direct PNG HTTP 200; SHA-256 d87e511b3c9dbf3f.,yes
61,en-swsh10tg-TG21,swsh10tg-TG21,Zacian V,Astral Radiance Trainer Gallery,TG21,30,Ultra Rare,Zacian V Astral Radiance Trainer Gallery TG21/30 pokemon card,https://pkmncards.com/wp-content/uploads/en_US-SWSH10-TG021-zacian_v.png,https://pkmncards.com/card/zacian-v-astral-radiance-asr-tg21/,Exact name/set/print matched on pkmncards.com; source page HTTP 200; direct PNG HTTP 200; SHA-256 88314480a9acf39b.,yes
62,en-swsh10tg-TG22,swsh10tg-TG22,Zamazenta V,Astral Radiance Trainer Gallery,TG22,30,Ultra Rare,Zamazenta V Astral Radiance Trainer Gallery TG22/30 pokemon card,https://pkmncards.com/wp-content/uploads/en_US-SWSH10-TG022-zamazenta_v.png,https://pkmncards.com/card/zamazenta-v-astral-radiance-asr-tg22/,Exact name/set/print matched on pkmncards.com; source page HTTP 200; direct PNG HTTP 200; SHA-256 0a04536d8d11a399.,yes
63,en-swsh10tg-TG23,swsh10tg-TG23,Garchomp V,Astral Radiance Trainer Gallery,TG23,30,Ultra Rare,Garchomp V Astral Radiance Trainer Gallery TG23/30 pokemon card,https://pkmncards.com/wp-content/uploads/en_US-SWSH10-TG023-garchomp_v.png,https://pkmncards.com/card/garchomp-v-astral-radiance-asr-tg23/,Exact name/set/print matched on pkmncards.com; source page HTTP 200; direct PNG HTTP 200; SHA-256 9b20b3157af6f35a.,yes
64,en-swsh10tg-TG24,swsh10tg-TG24,Allister,Astral Radiance Trainer Gallery,TG24,30,Ultra Rare,Allister Astral Radiance Trainer Gallery TG24/30 pokemon card,https://pkmncards.com/wp-content/uploads/en_US-SWSH10-TG024-allister.png,https://pkmncards.com/card/allister-astral-radiance-asr-tg24/,Exact name/set/print matched on pkmncards.com; source page HTTP 200; direct PNG HTTP 200; SHA-256 1ebc030afe97f527.,yes
65,en-swsh10tg-TG25,swsh10tg-TG25,Bea,Astral Radiance Trainer Gallery,TG25,30,Ultra Rare,Bea Astral Radiance Trainer Gallery TG25/30 pokemon card,https://pkmncards.com/wp-content/uploads/en_US-SWSH10-TG025-bea.png,https://pkmncards.com/card/bea-astral-radiance-asr-tg25/,Exact name/set/print matched on pkmncards.com; source page HTTP 200; direct PNG HTTP 200; SHA-256 18d68f7cf0eb0ca3.,yes
66,en-swsh10tg-TG26,swsh10tg-TG26,Melony,Astral Radiance Trainer Gallery,TG26,30,Ultra Rare,Melony Astral Radiance Trainer Gallery TG26/30 pokemon card,https://pkmncards.com/wp-content/uploads/en_US-SWSH10-TG026-melony.png,https://pkmncards.com/card/melony-astral-radiance-asr-tg26/,Exact name/set/print matched on pkmncards.com; source page HTTP 200; direct PNG HTTP 200; SHA-256 7719fe241f3ebd4c.,yes
67,en-swsh10tg-TG27,swsh10tg-TG27,Milo,Astral Radiance Trainer Gallery,TG27,30,Ultra Rare,Milo Astral Radiance Trainer Gallery TG27/30 pokemon card,https://pkmncards.com/wp-content/uploads/en_US-SWSH10-TG027-milo.png,https://pkmncards.com/card/milo-astral-radiance-asr-tg27/,Exact name/set/print matched on pkmncards.com; source page HTTP 200; direct PNG HTTP 200; SHA-256 0d13185f7c433fd2.,yes
68,en-swsh10tg-TG28,swsh10tg-TG28,Piers,Astral Radiance Trainer Gallery,TG28,30,Ultra Rare,Piers Astral Radiance Trainer Gallery TG28/30 pokemon card,https://pkmncards.com/wp-content/uploads/en_US-SWSH10-TG028-piers.png,https://pkmncards.com/card/piers-astral-radiance-asr-tg28/,Exact name/set/print matched on pkmncards.com; source page HTTP 200; direct PNG HTTP 200; SHA-256 41fd1e2446d4620d.,yes
69,en-swsh10tg-TG29,swsh10tg-TG29,Ice Rider Calyrex VMAX,Astral Radiance Trainer Gallery,TG29,30,Secret Rare,Ice Rider Calyrex VMAX Astral Radiance Trainer Gallery TG29/30 pokemon card,https://pkmncards.com/wp-content/uploads/en_US-SWSH10-TG029-ice_rider_calyrex_vmax.png,https://pkmncards.com/card/ice-rider-calyrex-vmax-astral-radiance-asr-tg29/,Exact name/set/print matched on pkmncards.com; source page HTTP 200; direct PNG HTTP 200; SHA-256 24dd3e8959ccdb76.,yes
70,en-swsh10tg-TG30,swsh10tg-TG30,Shadow Rider Calyrex VMAX,Astral Radiance Trainer Gallery,TG30,30,Secret Rare,Shadow Rider Calyrex VMAX Astral Radiance Trainer Gallery TG30/30 pokemon card,https://pkmncards.com/wp-content/uploads/en_US-SWSH10-TG030-shadow_rider_calyrex_vmax.png,https://pkmncards.com/card/shadow-rider-calyrex-vmax-astral-radiance-asr-tg30/,Exact name/set/print matched on pkmncards.com; source page HTTP 200; direct PNG HTTP 200; SHA-256 dc4325dfa95ff6b3.,yes
71,en-xy8-146a,xy8-146a,Professor's Letter,BREAKthrough,146a,162,None,Professor's Letter BREAKthrough 146a/162 pokemon card,https://pkmncards.com/wp-content/uploads/en_US-XY8-146a-professors_letter-yaa.jpg,https://pkmncards.com/card/professors-letter-breakthrough-bkt-146a/,Exact name/set/print matched on pkmncards.com; source page HTTP 200; direct JPEG HTTP 200; SHA-256 ea2eb7709425d166.,yes
72,en-bwp-BW04,bwp-BW04,Reshiram,BW Black Star Promos,BW04,101,Rare,Reshiram BW Black Star Promos BW04/101 pokemon card,https://pkmncards.com/wp-content/uploads/en_US-Promo_BW-BW04-reshiram.jpg,https://pkmncards.com/card/reshiram-black-white-promos-bwp-bw004/,Exact name/set/print matched on pkmncards.com; source page HTTP 200; direct JPEG HTTP 200; SHA-256 6904ab5f2d64fea9.,yes
73,en-bwp-BW05,bwp-BW05,Zekrom,BW Black Star Promos,BW05,101,Rare,Zekrom BW Black Star Promos BW05/101 pokemon card,https://pkmncards.com/wp-content/uploads/en_US-Promo_BW-BW05-zekrom.jpg,https://pkmncards.com/card/zekrom-black-white-promos-bwp-bw005/,Exact name/set/print matched on pkmncards.com; source page HTTP 200; direct JPEG HTTP 200; SHA-256 6a07cfe10437c0ab.,yes
74,en-bwp-BW96,bwp-BW96,Tornadus-EX,BW Black Star Promos,BW96,101,Common,Tornadus-EX BW Black Star Promos BW96/101 pokemon card,https://pkmncards.com/wp-content/uploads/en_US-Promo_BW-BW96-tornadus_ex.jpg,https://pkmncards.com/card/tornadus-ex-black-white-promos-bwp-bw96/,Exact name/set/print matched on pkmncards.com; source page HTTP 200; direct JPEG HTTP 200; SHA-256 ed52f4d033984986.,yes
75,en-tk-bw-e-1,tk-bw-e-1,Lillipup,BW trainer Kit (Excadrill),1,30,None,Lillipup BW trainer Kit (Excadrill) 1/30 pokemon card,https://pkmncards.com/wp-content/uploads/en_US-TK5B-001-lillipup.png,https://pkmncards.com/card/lillipup-black-white-trainer-kit-excadrill-tk5e-1/,Exact name/set/print matched on pkmncards.com; source page HTTP 200; direct PNG HTTP 200; SHA-256 897d49640feb5e3c.,yes
76,en-tk-bw-e-10,tk-bw-e-10,Fighting Energy,BW trainer Kit (Excadrill),10,30,None,Fighting Energy BW trainer Kit (Excadrill) 10/30 pokemon card,https://pkmncards.com/wp-content/uploads/en_US-TK5B-010-fighting_energy.png,https://pkmncards.com/card/fighting-energy-black-white-trainer-kit-excadrill-tk5e-10/,Exact name/set/print matched on pkmncards.com; source page HTTP 200; direct PNG HTTP 200; SHA-256 857a037e79998ffe.,yes
77,en-tk-bw-e-11,tk-bw-e-11,Timburr,BW trainer Kit (Excadrill),11,30,None,Timburr BW trainer Kit (Excadrill) 11/30 pokemon card,https://pkmncards.com/wp-content/uploads/en_US-TK5B-011-timburr.png,https://pkmncards.com/card/timburr-black-white-trainer-kit-excadrill-tk5e-11/,Exact name/set/print matched on pkmncards.com; source page HTTP 200; direct PNG HTTP 200; SHA-256 149472e942fe91af.,yes
78,en-tk-bw-e-12,tk-bw-e-12,Audino,BW trainer Kit (Excadrill),12,30,None,Audino BW trainer Kit (Excadrill) 12/30 pokemon card,https://pkmncards.com/wp-content/uploads/en_US-TK5B-012-audino.png,https://pkmncards.com/card/audino-black-white-trainer-kit-excadrill-tk5e-12/,Exact name/set/print matched on pkmncards.com; source page HTTP 200; direct PNG HTTP 200; SHA-256 1df866e42d89c8a7.,yes
79,en-tk-bw-e-13,tk-bw-e-13,Drilbur,BW trainer Kit (Excadrill),13,30,None,Drilbur BW trainer Kit (Excadrill) 13/30 pokemon card,https://pkmncards.com/wp-content/uploads/en_US-TK5B-013-drilbur.png,https://pkmncards.com/card/drilbur-black-white-trainer-kit-excadrill-tk5e-13/,Exact name/set/print matched on pkmncards.com; source page HTTP 200; direct PNG HTTP 200; SHA-256 82317dfa1d914dec.,yes
80,en-tk-bw-e-14,tk-bw-e-14,Gurdurr,BW trainer Kit (Excadrill),14,30,None,Gurdurr BW trainer Kit (Excadrill) 14/30 pokemon card,https://pkmncards.com/wp-content/uploads/en_US-TK5B-014-gurdurr.png,https://pkmncards.com/card/gurdurr-black-white-trainer-kit-excadrill-tk5e-14/,Exact name/set/print matched on pkmncards.com; source page HTTP 200; direct PNG HTTP 200; SHA-256 000facaec7fcf091.,yes
81,en-tk-bw-e-15,tk-bw-e-15,Potion,BW trainer Kit (Excadrill),15,30,None,Potion BW trainer Kit (Excadrill) 15/30 pokemon card,https://pkmncards.com/wp-content/uploads/en_US-TK5B-015-potion.png,https://pkmncards.com/card/potion-black-white-trainer-kit-excadrill-tk5e-15/,Exact name/set/print matched on pkmncards.com; source page HTTP 200; direct PNG HTTP 200; SHA-256 63698062eb2a97ae.,yes
82,en-tk-bw-e-16,tk-bw-e-16,PlusPower,BW trainer Kit (Excadrill),16,30,None,PlusPower BW trainer Kit (Excadrill) 16/30 pokemon card,https://pkmncards.com/wp-content/uploads/en_US-TK5B-016-pluspower.png,https://pkmncards.com/card/pluspower-black-white-trainer-kit-excadrill-tk5e-16/,Exact name/set/print matched on pkmncards.com; source page HTTP 200; direct PNG HTTP 200; SHA-256 999b12ac4849add6.,yes
83,en-tk-bw-e-17,tk-bw-e-17,Excadrill,BW trainer Kit (Excadrill),17,30,None,Excadrill BW trainer Kit (Excadrill) 17/30 pokemon card,https://pkmncards.com/wp-content/uploads/en_US-TK5B-017-excadrill.png,https://pkmncards.com/card/excadrill-black-white-trainer-kit-excadrill-tk5e-17/,Exact name/set/print matched on pkmncards.com; source page HTTP 200; direct PNG HTTP 200; SHA-256 774f2c83dfba1f6c.,yes
84,en-tk-bw-e-18,tk-bw-e-18,Audino,BW trainer Kit (Excadrill),18,30,None,Audino BW trainer Kit (Excadrill) 18/30 pokemon card,https://pkmncards.com/wp-content/uploads/en_US-TK5B-018-audino.png,https://pkmncards.com/card/audino-black-white-trainer-kit-excadrill-tk5e-18/,Exact name/set/print matched on pkmncards.com; source page HTTP 200; direct PNG HTTP 200; SHA-256 a3cbfc71cb1a6f99.,yes
85,en-tk-bw-e-19,tk-bw-e-19,Herdier,BW trainer Kit (Excadrill),19,30,None,Herdier BW trainer Kit (Excadrill) 19/30 pokemon card,https://pkmncards.com/wp-content/uploads/en_US-TK5B-019-herdier.png,https://pkmncards.com/card/herdier-black-white-trainer-kit-excadrill-tk5e-19/,Exact name/set/print matched on pkmncards.com; source page HTTP 200; direct PNG HTTP 200; SHA-256 74537c3a10536527.,yes
86,en-tk-bw-e-2,tk-bw-e-2,Fighting Energy,BW trainer Kit (Excadrill),2,30,None,Fighting Energy BW trainer Kit (Excadrill) 2/30 pokemon card,https://pkmncards.com/wp-content/uploads/en_US-TK5B-002-fighting_energy.png,https://pkmncards.com/card/fighting-energy-black-white-trainer-kit-excadrill-tk5e-2/,Exact name/set/print matched on pkmncards.com; source page HTTP 200; direct PNG HTTP 200; SHA-256 b0fd4b312153f4e8.,yes
87,en-tk-bw-e-20,tk-bw-e-20,Fighting Energy,BW trainer Kit (Excadrill),20,30,None,Fighting Energy BW trainer Kit (Excadrill) 20/30 pokemon card,https://pkmncards.com/wp-content/uploads/en_US-TK5B-020-fighting_energy.png,https://pkmncards.com/card/fighting-energy-black-white-trainer-kit-excadrill-tk5e-20/,Exact name/set/print matched on pkmncards.com; source page HTTP 200; direct PNG HTTP 200; SHA-256 95ca4b19c6aff0fe.,yes
88,en-tk-bw-e-21,tk-bw-e-21,Energy Search,BW trainer Kit (Excadrill),21,30,None,Energy Search BW trainer Kit (Excadrill) 21/30 pokemon card,https://pkmncards.com/wp-content/uploads/en_US-TK5B-021-energy_search.png,https://pkmncards.com/card/energy-search-black-white-trainer-kit-excadrill-tk5e-21/,Exact name/set/print matched on pkmncards.com; source page HTTP 200; direct PNG HTTP 200; SHA-256 8297042fda9a09bf.,yes
89,en-tk-bw-e-22,tk-bw-e-22,Fighting Energy,BW trainer Kit (Excadrill),22,30,None,Fighting Energy BW trainer Kit (Excadrill) 22/30 pokemon card,https://pkmncards.com/wp-content/uploads/en_US-TK5B-022-fighting_energy.png,https://pkmncards.com/card/fighting-energy-black-white-trainer-kit-excadrill-tk5e-22/,Exact name/set/print matched on pkmncards.com; source page HTTP 200; direct PNG HTTP 200; SHA-256 e9ac0dadb5fd38fa.,yes
90,en-tk-bw-e-23,tk-bw-e-23,Potion,BW trainer Kit (Excadrill),23,30,None,Potion BW trainer Kit (Excadrill) 23/30 pokemon card,https://pkmncards.com/wp-content/uploads/en_US-TK5B-023-potion.png,https://pkmncards.com/card/potion-black-white-trainer-kit-excadrill-tk5e-23/,Exact name/set/print matched on pkmncards.com; source page HTTP 200; direct PNG HTTP 200; SHA-256 f5011af7bb80eb92.,yes
91,en-tk-bw-e-24,tk-bw-e-24,Pokémon Communication,BW trainer Kit (Excadrill),24,30,None,Pokémon Communication BW trainer Kit (Excadrill) 24/30 pokemon card,https://pkmncards.com/wp-content/uploads/en_US-TK5B-024-pokemon_communication.png,https://pkmncards.com/card/pokemon-communication-black-white-trainer-kit-excadrill-tk5e-24/,Exact name/set/print matched on pkmncards.com; source page HTTP 200; direct PNG HTTP 200; SHA-256 4a0097bd8c0e473f.,yes
92,en-tk-bw-e-25,tk-bw-e-25,Drilbur,BW trainer Kit (Excadrill),25,30,None,Drilbur BW trainer Kit (Excadrill) 25/30 pokemon card,https://pkmncards.com/wp-content/uploads/en_US-TK5B-025-drilbur.png,https://pkmncards.com/card/drilbur-black-white-trainer-kit-excadrill-tk5e-25/,Exact name/set/print matched on pkmncards.com; source page HTTP 200; direct PNG HTTP 200; SHA-256 8e5d0031fa87e44d.,yes
93,en-tk-bw-e-26,tk-bw-e-26,Fighting Energy,BW trainer Kit (Excadrill),26,30,None,Fighting Energy BW trainer Kit (Excadrill) 26/30 pokemon card,https://pkmncards.com/wp-content/uploads/en_US-TK5B-026-fighting_energy.png,https://pkmncards.com/card/fighting-energy-black-white-trainer-kit-excadrill-tk5e-26/,Exact name/set/print matched on pkmncards.com; source page HTTP 200; direct PNG HTTP 200; SHA-256 a84dec6f761f3ce5.,yes
94,en-tk-bw-e-27,tk-bw-e-27,Lillipup,BW trainer Kit (Excadrill),27,30,None,Lillipup BW trainer Kit (Excadrill) 27/30 pokemon card,https://pkmncards.com/wp-content/uploads/en_US-TK5B-027-lillipup.png,https://pkmncards.com/card/lillipup-black-white-trainer-kit-excadrill-tk5e-27/,Exact name/set/print matched on pkmncards.com; source page HTTP 200; direct PNG HTTP 200; SHA-256 5aeaa311d2f5c72f.,yes
95,en-tk-bw-e-28,tk-bw-e-28,Fighting Energy,BW trainer Kit (Excadrill),28,30,None,Fighting Energy BW trainer Kit (Excadrill) 28/30 pokemon card,https://pkmncards.com/wp-content/uploads/en_US-TK5B-028-fighting_energy.png,https://pkmncards.com/card/fighting-energy-black-white-trainer-kit-excadrill-tk5e-28/,Exact name/set/print matched on pkmncards.com; source page HTTP 200; direct PNG HTTP 200; SHA-256 8117d9ef4590af0b.,yes
96,en-tk-bw-e-29,tk-bw-e-29,Timburr,BW trainer Kit (Excadrill),29,30,None,Timburr BW trainer Kit (Excadrill) 29/30 pokemon card,https://pkmncards.com/wp-content/uploads/en_US-TK5B-029-timburr.png,https://pkmncards.com/card/timburr-black-white-trainer-kit-excadrill-tk5e-29/,Exact name/set/print matched on pkmncards.com; source page HTTP 200; direct PNG HTTP 200; SHA-256 12f61d79f987adaa.,yes
97,en-tk-bw-e-3,tk-bw-e-3,Fighting Energy,BW trainer Kit (Excadrill),3,30,None,Fighting Energy BW trainer Kit (Excadrill) 3/30 pokemon card,https://pkmncards.com/wp-content/uploads/en_US-TK5B-003-fighting_energy.png,https://pkmncards.com/card/fighting-energy-black-white-trainer-kit-excadrill-tk5e-3/,Exact name/set/print matched on pkmncards.com; source page HTTP 200; direct PNG HTTP 200; SHA-256 37f27af33425fde1.,yes
98,en-tk-bw-e-30,tk-bw-e-30,Excadrill,BW trainer Kit (Excadrill),30,30,None,Excadrill BW trainer Kit (Excadrill) 30/30 pokemon card,https://pkmncards.com/wp-content/uploads/en_US-TK5B-030-excadrill.png,https://pkmncards.com/card/excadrill-black-white-trainer-kit-excadrill-tk5e-30/,Exact name/set/print matched on pkmncards.com; source page HTTP 200; direct PNG HTTP 200; SHA-256 95502c8175830a87.,yes
99,en-tk-bw-e-4,tk-bw-e-4,Energy Switch,BW trainer Kit (Excadrill),4,30,None,Energy Switch BW trainer Kit (Excadrill) 4/30 pokemon card,https://pkmncards.com/wp-content/uploads/en_US-TK5B-004-energy_switch.png,https://pkmncards.com/card/energy-switch-black-white-trainer-kit-excadrill-tk5e-4/,Exact name/set/print matched on pkmncards.com; source page HTTP 200; direct PNG HTTP 200; SHA-256 a26713c2ca027d33.,yes
100,en-tk-bw-e-5,tk-bw-e-5,Fighting Energy,BW trainer Kit (Excadrill),5,30,None,Fighting Energy BW trainer Kit (Excadrill) 5/30 pokemon card,https://pkmncards.com/wp-content/uploads/en_US-TK5B-005-fighting_energy.png,https://pkmncards.com/card/fighting-energy-black-white-trainer-kit-excadrill-tk5e-5/,Exact name/set/print matched on pkmncards.com; source page HTTP 200; direct PNG HTTP 200; SHA-256 a0a8bf6fb91ae141.,yes
101,en-tk-bw-e-6,tk-bw-e-6,Fighting Energy,BW trainer Kit (Excadrill),6,30,None,Fighting Energy BW trainer Kit (Excadrill) 6/30 pokemon card,https://pkmncards.com/wp-content/uploads/en_US-TK5B-006-fighting_energy.png,https://pkmncards.com/card/fighting-energy-black-white-trainer-kit-excadrill-tk5e-6/,Exact name/set/print matched on pkmncards.com; source page HTTP 200; direct PNG HTTP 200; SHA-256 440ea80b3975bdb5.,yes
102,en-tk-bw-e-7,tk-bw-e-7,Fighting Energy,BW trainer Kit (Excadrill),7,30,None,Fighting Energy BW trainer Kit (Excadrill) 7/30 pokemon card,https://pkmncards.com/wp-content/uploads/en_US-TK5B-007-fighting_energy.png,https://pkmncards.com/card/fighting-energy-black-white-trainer-kit-excadrill-tk5e-7/,Exact name/set/print matched on pkmncards.com; source page HTTP 200; direct PNG HTTP 200; SHA-256 b94581f9b5ae3296.,yes
103,en-tk-bw-e-8,tk-bw-e-8,Fighting Energy,BW trainer Kit (Excadrill),8,30,None,Fighting Energy BW trainer Kit (Excadrill) 8/30 pokemon card,https://pkmncards.com/wp-content/uploads/en_US-TK5B-008-fighting_energy.png,https://pkmncards.com/card/fighting-energy-black-white-trainer-kit-excadrill-tk5e-8/,Exact name/set/print matched on pkmncards.com; source page HTTP 200; direct PNG HTTP 200; SHA-256 c97d47bb60109afa.,yes
104,en-tk-bw-e-9,tk-bw-e-9,Fighting Energy,BW trainer Kit (Excadrill),9,30,None,Fighting Energy BW trainer Kit (Excadrill) 9/30 pokemon card,https://pkmncards.com/wp-content/uploads/en_US-TK5B-009-fighting_energy.png,https://pkmncards.com/card/fighting-energy-black-white-trainer-kit-excadrill-tk5e-9/,Exact name/set/print matched on pkmncards.com; source page HTTP 200; direct PNG HTTP 200; SHA-256 02a06175e5a8f818.,yes
105,en-tk-bw-z-1,tk-bw-z-1,Purrloin,BW trainer Kit (Zoroark),1,30,None,Purrloin BW trainer Kit (Zoroark) 1/30 pokemon card,https://pkmncards.com/wp-content/uploads/en_US-TK5A-001-purrloin.png,https://pkmncards.com/card/purrloin-black-white-trainer-kit-zoroark-tk5z-1/,Exact name/set/print matched on pkmncards.com; source page HTTP 200; direct PNG HTTP 200; SHA-256 8a4040f2af829696.,yes
106,en-tk-bw-z-10,tk-bw-z-10,Darkness Energy,BW trainer Kit (Zoroark),10,30,None,Darkness Energy BW trainer Kit (Zoroark) 10/30 pokemon card,https://pkmncards.com/wp-content/uploads/en_US-TK5A-010-darkness_energy.png,https://pkmncards.com/card/darkness-energy-black-white-trainer-kit-zoroark-tk5z-10/,Exact name/set/print matched on pkmncards.com; source page HTTP 200; direct PNG HTTP 200; SHA-256 bcfad29767b01575.,yes
107,en-tk-bw-z-11,tk-bw-z-11,PlusPower,BW trainer Kit (Zoroark),11,30,None,PlusPower BW trainer Kit (Zoroark) 11/30 pokemon card,https://pkmncards.com/wp-content/uploads/en_US-TK5A-011-pluspower.png,https://pkmncards.com/card/pluspower-black-white-trainer-kit-zoroark-tk5z-11/,Exact name/set/print matched on pkmncards.com; source page HTTP 200; direct PNG HTTP 200; SHA-256 7ec5ab90610183d8.,yes
108,en-tk-bw-z-12,tk-bw-z-12,Patrat,BW trainer Kit (Zoroark),12,30,None,Patrat BW trainer Kit (Zoroark) 12/30 pokemon card,https://pkmncards.com/wp-content/uploads/en_US-TK5A-012-patrat.png,https://pkmncards.com/card/patrat-black-white-trainer-kit-zoroark-tk5z-12/,Exact name/set/print matched on pkmncards.com; source page HTTP 200; direct PNG HTTP 200; SHA-256 0ef5bd3c9ae64860.,yes
109,en-tk-bw-z-13,tk-bw-z-13,Zorua,BW trainer Kit (Zoroark),13,30,None,Zorua BW trainer Kit (Zoroark) 13/30 pokemon card,https://pkmncards.com/wp-content/uploads/en_US-TK5A-013-zorua.png,https://pkmncards.com/card/zorua-black-white-trainer-kit-zoroark-tk5z-13/,Exact name/set/print matched on pkmncards.com; source page HTTP 200; direct PNG HTTP 200; SHA-256 32267cffa3a5ebf5.,yes
110,en-tk-bw-z-14,tk-bw-z-14,Pidove,BW trainer Kit (Zoroark),14,30,None,Pidove BW trainer Kit (Zoroark) 14/30 pokemon card,https://pkmncards.com/wp-content/uploads/en_US-TK5A-014-pidove.png,https://pkmncards.com/card/pidove-black-white-trainer-kit-zoroark-tk5z-14/,Exact name/set/print matched on pkmncards.com; source page HTTP 200; direct PNG HTTP 200; SHA-256 a327733d41e4be9b.,yes
111,en-tk-bw-z-15,tk-bw-z-15,Tranquill,BW trainer Kit (Zoroark),15,30,None,Tranquill BW trainer Kit (Zoroark) 15/30 pokemon card,https://pkmncards.com/wp-content/uploads/en_US-TK5A-015-tranquill.png,https://pkmncards.com/card/tranquill-black-white-trainer-kit-zoroark-tk5z-15/,Exact name/set/print matched on pkmncards.com; source page HTTP 200; direct PNG HTTP 200; SHA-256 395c3d4c3da74433.,yes
112,en-tk-bw-z-16,tk-bw-z-16,Energy Retrieval,BW trainer Kit (Zoroark),16,30,None,Energy Retrieval BW trainer Kit (Zoroark) 16/30 pokemon card,https://pkmncards.com/wp-content/uploads/en_US-TK5A-016-energy_retrieval.png,https://pkmncards.com/card/energy-retrieval-black-white-trainer-kit-zoroark-tk5z-16/,Exact name/set/print matched on pkmncards.com; source page HTTP 200; direct PNG HTTP 200; SHA-256 2c402941e17d85d4.,yes
113,en-tk-bw-z-17,tk-bw-z-17,Zoroark,BW trainer Kit (Zoroark),17,30,None,Zoroark BW trainer Kit (Zoroark) 17/30 pokemon card,https://pkmncards.com/wp-content/uploads/en_US-TK5A-017-zoroark.png,https://pkmncards.com/card/zoroark-black-white-trainer-kit-zoroark-tk5z-17/,Exact name/set/print matched on pkmncards.com; source page HTTP 200; direct PNG HTTP 200; SHA-256 649c1f3dd5452b7c.,yes
114,en-tk-bw-z-18,tk-bw-z-18,Pokémon Communication,BW trainer Kit (Zoroark),18,30,None,Pokémon Communication BW trainer Kit (Zoroark) 18/30 pokemon card,https://pkmncards.com/wp-content/uploads/en_US-TK5A-018-pokemon_communication.png,https://pkmncards.com/card/pokemon-communication-black-white-trainer-kit-zoroark-tk5z-18/,Exact name/set/print matched on pkmncards.com; source page HTTP 200; direct PNG HTTP 200; SHA-256 01e14982ccada86a.,yes
115,en-tk-bw-z-19,tk-bw-z-19,Minccino,BW trainer Kit (Zoroark),19,30,None,Minccino BW trainer Kit (Zoroark) 19/30 pokemon card,https://pkmncards.com/wp-content/uploads/en_US-TK5A-019-minccino.png,https://pkmncards.com/card/minccino-black-white-trainer-kit-zoroark-tk5z-19/,Exact name/set/print matched on pkmncards.com; source page HTTP 200; direct PNG HTTP 200; SHA-256 64c2186022894857.,yes
116,en-tk-bw-z-2,tk-bw-z-2,Watchog,BW trainer Kit (Zoroark),2,30,None,Watchog BW trainer Kit (Zoroark) 2/30 pokemon card,https://pkmncards.com/wp-content/uploads/en_US-TK5A-002-watchog.png,https://pkmncards.com/card/watchog-black-white-trainer-kit-zoroark-tk5z-2/,Exact name/set/print matched on pkmncards.com; source page HTTP 200; direct PNG HTTP 200; SHA-256 1ce3eb299efd1e4a.,yes
117,en-tk-bw-z-20,tk-bw-z-20,Darkness Energy,BW trainer Kit (Zoroark),20,30,None,Darkness Energy BW trainer Kit (Zoroark) 20/30 pokemon card,https://pkmncards.com/wp-content/uploads/en_US-TK5A-020-darkness_energy.png,https://pkmncards.com/card/darkness-energy-black-white-trainer-kit-zoroark-tk5z-20/,Exact name/set/print matched on pkmncards.com; source page HTTP 200; direct PNG HTTP 200; SHA-256 53fccf2d318e8c34.,yes
118,en-tk-bw-z-21,tk-bw-z-21,Pidove,BW trainer Kit (Zoroark),21,30,None,Pidove BW trainer Kit (Zoroark) 21/30 pokemon card,https://pkmncards.com/wp-content/uploads/en_US-TK5A-021-pidove.png,https://pkmncards.com/card/pidove-black-white-trainer-kit-zoroark-tk5z-21/,Exact name/set/print matched on pkmncards.com; source page HTTP 200; direct PNG HTTP 200; SHA-256 e3cd66a91408db39.,yes
119,en-tk-bw-z-22,tk-bw-z-22,Darkness Energy,BW trainer Kit (Zoroark),22,30,None,Darkness Energy BW trainer Kit (Zoroark) 22/30 pokemon card,https://pkmncards.com/wp-content/uploads/en_US-TK5A-022-darkness_energy.png,https://pkmncards.com/card/darkness-energy-black-white-trainer-kit-zoroark-tk5z-22/,Exact name/set/print matched on pkmncards.com; source page HTTP 200; direct PNG HTTP 200; SHA-256 746cf26242761a73.,yes
120,en-tk-bw-z-23,tk-bw-z-23,Zorua,BW trainer Kit (Zoroark),23,30,None,Zorua BW trainer Kit (Zoroark) 23/30 pokemon card,https://pkmncards.com/wp-content/uploads/en_US-TK5A-023-zorua.png,https://pkmncards.com/card/zorua-black-white-trainer-kit-zoroark-tk5z-23/,Exact name/set/print matched on pkmncards.com; source page HTTP 200; direct PNG HTTP 200; SHA-256 ce16ee45b92f9e90.,yes
121,en-tk-bw-z-24,tk-bw-z-24,Darkness Energy,BW trainer Kit (Zoroark),24,30,None,Darkness Energy BW trainer Kit (Zoroark) 24/30 pokemon card,https://pkmncards.com/wp-content/uploads/en_US-TK5A-024-darkness_energy.png,https://pkmncards.com/card/darkness-energy-black-white-trainer-kit-zoroark-tk5z-24/,Exact name/set/print matched on pkmncards.com; source page HTTP 200; direct PNG HTTP 200; SHA-256 5b9fee121b502ae5.,yes
122,en-tk-bw-z-25,tk-bw-z-25,Purrloin,BW trainer Kit (Zoroark),25,30,None,Purrloin BW trainer Kit (Zoroark) 25/30 pokemon card,https://pkmncards.com/wp-content/uploads/en_US-TK5A-025-purrloin.png,https://pkmncards.com/card/purrloin-black-white-trainer-kit-zoroark-tk5z-25/,Exact name/set/print matched on pkmncards.com; source page HTTP 200; direct PNG HTTP 200; SHA-256 55e1759b9b7a44f3.,yes
123,en-tk-bw-z-26,tk-bw-z-26,Darkness Energy,BW trainer Kit (Zoroark),26,30,None,Darkness Energy BW trainer Kit (Zoroark) 26/30 pokemon card,https://pkmncards.com/wp-content/uploads/en_US-TK5A-026-darkness_energy.png,https://pkmncards.com/card/darkness-energy-black-white-trainer-kit-zoroark-tk5z-26/,Exact name/set/print matched on pkmncards.com; source page HTTP 200; direct PNG HTTP 200; SHA-256 4164596fd0a89c6a.,yes
124,en-tk-bw-z-27,tk-bw-z-27,Energy Search,BW trainer Kit (Zoroark),27,30,None,Energy Search BW trainer Kit (Zoroark) 27/30 pokemon card,https://pkmncards.com/wp-content/uploads/en_US-TK5A-027-energy_search.png,https://pkmncards.com/card/energy-search-black-white-trainer-kit-zoroark-tk5z-27/,Exact name/set/print matched on pkmncards.com; source page HTTP 200; direct PNG HTTP 200; SHA-256 bf6c9740317659a4.,yes
125,en-tk-bw-z-28,tk-bw-z-28,Darkness Energy,BW trainer Kit (Zoroark),28,30,None,Darkness Energy BW trainer Kit (Zoroark) 28/30 pokemon card,https://pkmncards.com/wp-content/uploads/en_US-TK5A-028-darkness_energy.png,https://pkmncards.com/card/darkness-energy-black-white-trainer-kit-zoroark-tk5z-28/,Exact name/set/print matched on pkmncards.com; source page HTTP 200; direct PNG HTTP 200; SHA-256 37ff2698dbc7548a.,yes
126,en-tk-bw-z-29,tk-bw-z-29,Patrat,BW trainer Kit (Zoroark),29,30,None,Patrat BW trainer Kit (Zoroark) 29/30 pokemon card,https://pkmncards.com/wp-content/uploads/en_US-TK5A-029-patrat.png,https://pkmncards.com/card/patrat-black-white-trainer-kit-zoroark-tk5z-29/,Exact name/set/print matched on pkmncards.com; source page HTTP 200; direct PNG HTTP 200; SHA-256 45abac08c2d8b42b.,yes
127,en-tk-bw-z-3,tk-bw-z-3,Darkness Energy,BW trainer Kit (Zoroark),3,30,None,Darkness Energy BW trainer Kit (Zoroark) 3/30 pokemon card,https://pkmncards.com/wp-content/uploads/en_US-TK5A-003-darkness_energy.png,https://pkmncards.com/card/darkness-energy-black-white-trainer-kit-zoroark-tk5z-3/,Exact name/set/print matched on pkmncards.com; source page HTTP 200; direct PNG HTTP 200; SHA-256 fef682156d267bab.,yes
128,en-tk-bw-z-30,tk-bw-z-30,Zoroark,BW trainer Kit (Zoroark),30,30,None,Zoroark BW trainer Kit (Zoroark) 30/30 pokemon card,https://pkmncards.com/wp-content/uploads/en_US-TK5A-030-zoroark.png,https://pkmncards.com/card/zoroark-black-white-trainer-kit-zoroark-tk5z-30/,Exact name/set/print matched on pkmncards.com; source page HTTP 200; direct PNG HTTP 200; SHA-256 9fb0e8532008dc51.,yes
129,en-tk-bw-z-4,tk-bw-z-4,Minccino,BW trainer Kit (Zoroark),4,30,None,Minccino BW trainer Kit (Zoroark) 4/30 pokemon card,https://pkmncards.com/wp-content/uploads/en_US-TK5A-004-minccino.png,https://pkmncards.com/card/minccino-black-white-trainer-kit-zoroark-tk5z-4/,Exact name/set/print matched on pkmncards.com; source page HTTP 200; direct PNG HTTP 200; SHA-256 6237d211ea202886.,yes
130,en-tk-bw-z-5,tk-bw-z-5,Darkness Energy,BW trainer Kit (Zoroark),5,30,None,Darkness Energy BW trainer Kit (Zoroark) 5/30 pokemon card,https://pkmncards.com/wp-content/uploads/en_US-TK5A-005-darkness_energy.png,https://pkmncards.com/card/darkness-energy-black-white-trainer-kit-zoroark-tk5z-5/,Exact name/set/print matched on pkmncards.com; source page HTTP 200; direct PNG HTTP 200; SHA-256 3106f7a22d7928b1.,yes
131,en-tk-bw-z-6,tk-bw-z-6,Darkness Energy,BW trainer Kit (Zoroark),6,30,None,Darkness Energy BW trainer Kit (Zoroark) 6/30 pokemon card,https://pkmncards.com/wp-content/uploads/en_US-TK5A-006-darkness_energy.png,https://pkmncards.com/card/darkness-energy-black-white-trainer-kit-zoroark-tk5z-6/,Exact name/set/print matched on pkmncards.com; source page HTTP 200; direct PNG HTTP 200; SHA-256 ecf74f947b62af92.,yes
132,en-tk-bw-z-7,tk-bw-z-7,Darkness Energy,BW trainer Kit (Zoroark),7,30,None,Darkness Energy BW trainer Kit (Zoroark) 7/30 pokemon card,https://pkmncards.com/wp-content/uploads/en_US-TK5A-007-darkness_energy.png,https://pkmncards.com/card/darkness-energy-black-white-trainer-kit-zoroark-tk5z-7/,Exact name/set/print matched on pkmncards.com; source page HTTP 200; direct PNG HTTP 200; SHA-256 273cfd6e536af55b.,yes
133,en-tk-bw-z-8,tk-bw-z-8,Darkness Energy,BW trainer Kit (Zoroark),8,30,None,Darkness Energy BW trainer Kit (Zoroark) 8/30 pokemon card,https://pkmncards.com/wp-content/uploads/en_US-TK5A-008-darkness_energy.png,https://pkmncards.com/card/darkness-energy-black-white-trainer-kit-zoroark-tk5z-8/,Exact name/set/print matched on pkmncards.com; source page HTTP 200; direct PNG HTTP 200; SHA-256 95e45e5457cc1baf.,yes
134,en-tk-bw-z-9,tk-bw-z-9,Darkness Energy,BW trainer Kit (Zoroark),9,30,None,Darkness Energy BW trainer Kit (Zoroark) 9/30 pokemon card,https://pkmncards.com/wp-content/uploads/en_US-TK5A-009-darkness_energy.png,https://pkmncards.com/card/darkness-energy-black-white-trainer-kit-zoroark-tk5z-9/,Exact name/set/print matched on pkmncards.com; source page HTTP 200; direct PNG HTTP 200; SHA-256 ef1cfea502788839.,yes
135,en-bog-1,bog-1,Electabuzz,Best of game,1,9,None,Electabuzz Best of game 1/9 pokemon card,https://pkmncards.com/wp-content/uploads/electabuzz-best-of-game-1.jpg,https://pkmncards.com/card/electabuzz-best-of-game-1/,Exact name/set/print matched on pkmncards.com; source page HTTP 200; direct JPEG HTTP 200; SHA-256 7d9562ad9caff283.,yes
136,en-bog-2,bog-2,Hitmonchan,Best of game,2,9,None,Hitmonchan Best of game 2/9 pokemon card,https://pkmncards.com/wp-content/uploads/hitmonchan-best-of-game-2.jpg,https://pkmncards.com/card/hitmonchan-best-of-game-2/,Exact name/set/print matched on pkmncards.com; source page HTTP 200; direct JPEG HTTP 200; SHA-256 e18b3fa8121511a0.,yes
137,en-bog-3,bog-3,Professor Elm,Best of game,3,9,None,Professor Elm Best of game 3/9 pokemon card,https://pkmncards.com/wp-content/uploads/professor-elm-best-of-game-3.jpg,https://pkmncards.com/card/professor-elm-best-of-game-3/,Exact name/set/print matched on pkmncards.com; source page HTTP 200; direct JPEG HTTP 200; SHA-256 e52e6934288f7b26.,yes
138,en-bog-4,bog-4,Rocket’s Scizor,Best of game,4,9,None,Rocket’s Scizor Best of game 4/9 pokemon card,https://pkmncards.com/wp-content/uploads/rockets-scizor-best-of-game-4.jpg,https://pkmncards.com/card/rockets-scizor-best-of-game-4/,Exact name/set/print matched on pkmncards.com; source page HTTP 200; direct JPEG HTTP 200; SHA-256 342943601fe12e2f.,yes
139,en-bog-5,bog-5,Rocket’s Sneasel,Best of game,5,9,None,Rocket’s Sneasel Best of game 5/9 pokemon card,https://pkmncards.com/wp-content/uploads/rockets-sneasel-best-of-game-5.jpg,https://pkmncards.com/card/rockets-sneasel-best-of-game-5/,Exact name/set/print matched on pkmncards.com; source page HTTP 200; direct JPEG HTTP 200; SHA-256 33cc220cd2dfd198.,yes
140,en-bog-6,bog-6,Dark Ivysaur,Best of game,6,9,None,Dark Ivysaur Best of game 6/9 pokemon card,https://pkmncards.com/wp-content/uploads/dark-ivysaur-best-of-game-6.jpg,https://pkmncards.com/card/dark-ivysaur-best-of-game-6/,Exact name/set/print matched on pkmncards.com; source page HTTP 200; direct JPEG HTTP 200; SHA-256 e840319fe3e28d3c.,yes
141,en-bog-7,bog-7,Dark Venusaur,Best of game,7,9,None,Dark Venusaur Best of game 7/9 pokemon card,https://pkmncards.com/wp-content/uploads/dark-venusaur-best-of-game-7.jpg,https://pkmncards.com/card/dark-venusaur-best-of-game-7/,Exact name/set/print matched on pkmncards.com; source page HTTP 200; direct JPEG HTTP 200; SHA-256 20f56d8cd46a7a34.,yes
142,en-bog-8,bog-8,Rocket’s Mewtwo,Best of game,8,9,None,Rocket’s Mewtwo Best of game 8/9 pokemon card,https://pkmncards.com/wp-content/uploads/rockets-mewtwo-best-of-game-winner-8.jpg,https://pkmncards.com/card/rockets-mewtwo-best-of-game-8/,Exact name/set/print matched on pkmncards.com; source page HTTP 200; direct JPEG HTTP 200; SHA-256 1af279aca112e325.,yes
143,en-bog-9,bog-9,Rocket’s Hitmonchan,Best of game,9,9,None,Rocket’s Hitmonchan Best of game 9/9 pokemon card,https://pkmncards.com/wp-content/uploads/rockets-hitmonchan-best-of-game-winner-9.jpg,https://pkmncards.com/card/rockets-hitmonchan-best-of-game-9/,Exact name/set/print matched on pkmncards.com; source page HTTP 200; direct JPEG HTTP 200; SHA-256 3935c48ac2842eba.,yes
144,en-swsh9tg-TG01,swsh9tg-TG01,Flareon,Brilliant Stars Trainer Gallery,TG01,30,Rare,Flareon Brilliant Stars Trainer Gallery TG01/30 pokemon card,https://pkmncards.com/wp-content/uploads/en_US-SWSH9-TG001-flareon.png,https://pkmncards.com/card/flareon-brilliant-stars-brs-tg01/,Exact name/set/print matched on pkmncards.com; source page HTTP 200; direct PNG HTTP 200; SHA-256 f95af08c88c73d94.,yes
145,en-swsh9tg-TG02,swsh9tg-TG02,Vaporeon,Brilliant Stars Trainer Gallery,TG02,30,Rare,Vaporeon Brilliant Stars Trainer Gallery TG02/30 pokemon card,https://pkmncards.com/wp-content/uploads/en_US-SWSH9-TG002-vaporeon.png,https://pkmncards.com/card/vaporeon-brilliant-stars-brs-tg02/,Exact name/set/print matched on pkmncards.com; source page HTTP 200; direct PNG HTTP 200; SHA-256 99e3cd1b08616e4f.,yes
146,en-swsh9tg-TG03,swsh9tg-TG03,Octillery,Brilliant Stars Trainer Gallery,TG03,30,Rare,Octillery Brilliant Stars Trainer Gallery TG03/30 pokemon card,https://pkmncards.com/wp-content/uploads/en_US-SWSH9-TG003-octillery.png,https://pkmncards.com/card/octillery-brilliant-stars-brs-tg03/,Exact name/set/print matched on pkmncards.com; source page HTTP 200; direct PNG HTTP 200; SHA-256 105940996aa9cd78.,yes
147,en-swsh9tg-TG04,swsh9tg-TG04,Jolteon,Brilliant Stars Trainer Gallery,TG04,30,Rare,Jolteon Brilliant Stars Trainer Gallery TG04/30 pokemon card,https://pkmncards.com/wp-content/uploads/en_US-SWSH9-TG004-jolteon.png,https://pkmncards.com/card/jolteon-brilliant-stars-brs-tg04/,Exact name/set/print matched on pkmncards.com; source page HTTP 200; direct PNG HTTP 200; SHA-256 af8f4fe3b34c99c6.,yes
148,en-swsh9tg-TG05,swsh9tg-TG05,Zekrom,Brilliant Stars Trainer Gallery,TG05,30,Rare,Zekrom Brilliant Stars Trainer Gallery TG05/30 pokemon card,https://pkmncards.com/wp-content/uploads/en_US-SWSH9-TG005-zekrom.png,https://pkmncards.com/card/zekrom-brilliant-stars-brs-tg05/,Exact name/set/print matched on pkmncards.com; source page HTTP 200; direct PNG HTTP 200; SHA-256 2ec45bfca66abcf8.,yes
149,en-swsh9tg-TG06,swsh9tg-TG06,Dusknoir,Brilliant Stars Trainer Gallery,TG06,30,Rare,Dusknoir Brilliant Stars Trainer Gallery TG06/30 pokemon card,https://pkmncards.com/wp-content/uploads/en_US-SWSH9-TG006-dusknoir.png,https://pkmncards.com/card/dusknoir-brilliant-stars-brs-tg06/,Exact name/set/print matched on pkmncards.com; source page HTTP 200; direct PNG HTTP 200; SHA-256 58d5e9b8c8d4a575.,yes
150,en-swsh9tg-TG07,swsh9tg-TG07,Dedenne,Brilliant Stars Trainer Gallery,TG07,30,Rare,Dedenne Brilliant Stars Trainer Gallery TG07/30 pokemon card,https://pkmncards.com/wp-content/uploads/en_US-SWSH9-TG007-dedenne.png,https://pkmncards.com/card/dedenne-brilliant-stars-brs-tg07/,Exact name/set/print matched on pkmncards.com; source page HTTP 200; direct PNG HTTP 200; SHA-256 f95b4882d048061e.,yes
151,en-swsh9tg-TG08,swsh9tg-TG08,Alcremie,Brilliant Stars Trainer Gallery,TG08,30,Rare,Alcremie Brilliant Stars Trainer Gallery TG08/30 pokemon card,https://pkmncards.com/wp-content/uploads/en_US-SWSH9-TG008-alcremie.png,https://pkmncards.com/card/alcremie-brilliant-stars-brs-tg08/,Exact name/set/print matched on pkmncards.com; source page HTTP 200; direct PNG HTTP 200; SHA-256 e33fc49aa2c7aaa5.,yes
152,en-swsh9tg-TG09,swsh9tg-TG09,Ariados,Brilliant Stars Trainer Gallery,TG09,30,Rare,Ariados Brilliant Stars Trainer Gallery TG09/30 pokemon card,https://pkmncards.com/wp-content/uploads/en_US-SWSH9-TG009-ariados.png,https://pkmncards.com/card/ariados-brilliant-stars-brs-tg09/,Exact name/set/print matched on pkmncards.com; source page HTTP 200; direct PNG HTTP 200; SHA-256 e6a9aa13c9377a8a.,yes
153,en-swsh9tg-TG10,swsh9tg-TG10,Houndoom,Brilliant Stars Trainer Gallery,TG10,30,Rare,Houndoom Brilliant Stars Trainer Gallery TG10/30 pokemon card,https://pkmncards.com/wp-content/uploads/en_US-SWSH9-TG010-houndoom.png,https://pkmncards.com/card/houndoom-brilliant-stars-brs-tg10/,Exact name/set/print matched on pkmncards.com; source page HTTP 200; direct PNG HTTP 200; SHA-256 68ec1e99dac9ba78.,yes
154,en-swsh9tg-TG11,swsh9tg-TG11,Eevee,Brilliant Stars Trainer Gallery,TG11,30,Rare,Eevee Brilliant Stars Trainer Gallery TG11/30 pokemon card,https://pkmncards.com/wp-content/uploads/en_US-SWSH9-TG011-eevee.png,https://pkmncards.com/card/eevee-brilliant-stars-brs-tg11/,Exact name/set/print matched on pkmncards.com; source page HTTP 200; direct PNG HTTP 200; SHA-256 23e5d8b2ed53eb53.,yes
155,en-swsh9tg-TG12,swsh9tg-TG12,Oranguru,Brilliant Stars Trainer Gallery,TG12,30,Rare,Oranguru Brilliant Stars Trainer Gallery TG12/30 pokemon card,https://pkmncards.com/wp-content/uploads/en_US-SWSH9-TG012-oranguru.png,https://pkmncards.com/card/oranguru-brilliant-stars-brs-tg12/,Exact name/set/print matched on pkmncards.com; source page HTTP 200; direct PNG HTTP 200; SHA-256 0bf644a5fde7c029.,yes
156,en-swsh9tg-TG13,swsh9tg-TG13,Boltund V,Brilliant Stars Trainer Gallery,TG13,30,Ultra Rare,Boltund V Brilliant Stars Trainer Gallery TG13/30 pokemon card,https://pkmncards.com/wp-content/uploads/en_US-SWSH9-TG013-boltund_v.png,https://pkmncards.com/card/boltund-v-brilliant-stars-brs-tg13/,Exact name/set/print matched on pkmncards.com; source page HTTP 200; direct PNG HTTP 200; SHA-256 a1faf41e7a9f46ba.,yes
157,en-swsh9tg-TG14,swsh9tg-TG14,Sylveon V,Brilliant Stars Trainer Gallery,TG14,30,Ultra Rare,Sylveon V Brilliant Stars Trainer Gallery TG14/30 pokemon card,https://pkmncards.com/wp-content/uploads/en_US-SWSH9-TG014-sylveon_v.png,https://pkmncards.com/card/sylveon-v-brilliant-stars-brs-tg14/,Exact name/set/print matched on pkmncards.com; source page HTTP 200; direct PNG HTTP 200; SHA-256 fa214d7b153b867e.,yes
158,en-swsh9tg-TG15,swsh9tg-TG15,Sylveon VMAX,Brilliant Stars Trainer Gallery,TG15,30,Ultra Rare,Sylveon VMAX Brilliant Stars Trainer Gallery TG15/30 pokemon card,https://pkmncards.com/wp-content/uploads/en_US-SWSH9-TG015-sylveon_vmax.png,https://pkmncards.com/card/sylveon-vmax-brilliant-stars-brs-tg15/,Exact name/set/print matched on pkmncards.com; source page HTTP 200; direct PNG HTTP 200; SHA-256 1a96ee9aaff781ea.,yes
159,en-swsh9tg-TG16,swsh9tg-TG16,Mimikyu V,Brilliant Stars Trainer Gallery,TG16,30,Ultra Rare,Mimikyu V Brilliant Stars Trainer Gallery TG16/30 pokemon card,https://pkmncards.com/wp-content/uploads/en_US-SWSH9-TG016-mimikyu_v.png,https://pkmncards.com/card/mimikyu-v-brilliant-stars-brs-tg16/,Exact name/set/print matched on pkmncards.com; source page HTTP 200; direct PNG HTTP 200; SHA-256 ac90800830244019.,yes
160,en-swsh9tg-TG17,swsh9tg-TG17,Mimikyu VMAX,Brilliant Stars Trainer Gallery,TG17,30,Ultra Rare,Mimikyu VMAX Brilliant Stars Trainer Gallery TG17/30 pokemon card,https://pkmncards.com/wp-content/uploads/en_US-SWSH9-TG017-mimikyu_vmax.png,https://pkmncards.com/card/mimikyu-vmax-brilliant-stars-brs-tg17/,Exact name/set/print matched on pkmncards.com; source page HTTP 200; direct PNG HTTP 200; SHA-256 f3f7149b6ebfd62e.,yes
161,en-swsh9tg-TG18,swsh9tg-TG18,Single Strike Urshifu V,Brilliant Stars Trainer Gallery,TG18,30,Ultra Rare,Single Strike Urshifu V Brilliant Stars Trainer Gallery TG18/30 pokemon card,https://pkmncards.com/wp-content/uploads/en_US-SWSH9-TG018-single_strike_urshifu_v.png,https://pkmncards.com/card/single-strike-urshifu-v-brilliant-stars-brs-tg18/,Exact name/set/print matched on pkmncards.com; source page HTTP 200; direct PNG HTTP 200; SHA-256 e6978f0e51ad60fe.,yes
162,en-swsh9tg-TG19,swsh9tg-TG19,Single Strike Urshifu VMAX,Brilliant Stars Trainer Gallery,TG19,30,Ultra Rare,Single Strike Urshifu VMAX Brilliant Stars Trainer Gallery TG19/30 pokemon card,https://pkmncards.com/wp-content/uploads/en_US-SWSH9-TG019-single_strike_urshifu_vmax.png,https://pkmncards.com/card/single-strike-urshifu-vmax-brilliant-stars-brs-tg19/,Exact name/set/print matched on pkmncards.com; source page HTTP 200; direct PNG HTTP 200; SHA-256 827f1da2421654e4.,yes
163,en-swsh9tg-TG20,swsh9tg-TG20,Rapid Strike Urshifu V,Brilliant Stars Trainer Gallery,TG20,30,Ultra Rare,Rapid Strike Urshifu V Brilliant Stars Trainer Gallery TG20/30 pokemon card,https://pkmncards.com/wp-content/uploads/en_US-SWSH9-TG020-rapid_strike_urshifu_v.png,https://pkmncards.com/card/rapid-strike-urshifu-v-brilliant-stars-brs-tg20/,Exact name/set/print matched on pkmncards.com; source page HTTP 200; direct PNG HTTP 200; SHA-256 df6877bc454abaf0.,yes
164,en-swsh9tg-TG21,swsh9tg-TG21,Rapid Strike Urshifu VMAX,Brilliant Stars Trainer Gallery,TG21,30,Ultra Rare,Rapid Strike Urshifu VMAX Brilliant Stars Trainer Gallery TG21/30 pokemon card,https://pkmncards.com/wp-content/uploads/en_US-SWSH9-TG021-rapid_strike_urshifu_vmax.png,https://pkmncards.com/card/rapid-strike-urshifu-vmax-brilliant-stars-brs-tg21/,Exact name/set/print matched on pkmncards.com; source page HTTP 200; direct PNG HTTP 200; SHA-256 0aec2d7f768cbbe3.,yes
165,en-swsh9tg-TG22,swsh9tg-TG22,Umbreon V,Brilliant Stars Trainer Gallery,TG22,30,Ultra Rare,Umbreon V Brilliant Stars Trainer Gallery TG22/30 pokemon card,https://pkmncards.com/wp-content/uploads/en_US-SWSH9-TG022-umbreon_v.png,https://pkmncards.com/card/umbreon-v-brilliant-stars-brs-tg22/,Exact name/set/print matched on pkmncards.com; source page HTTP 200; direct PNG HTTP 200; SHA-256 48219c5ccb1f0dfc.,yes
166,en-swsh9tg-TG23,swsh9tg-TG23,Umbreon VMAX,Brilliant Stars Trainer Gallery,TG23,30,Ultra Rare,Umbreon VMAX Brilliant Stars Trainer Gallery TG23/30 pokemon card,https://pkmncards.com/wp-content/uploads/en_US-SWSH9-TG023-umbreon_vmax.png,https://pkmncards.com/card/umbreon-vmax-brilliant-stars-brs-tg23/,Exact name/set/print matched on pkmncards.com; source page HTTP 200; direct PNG HTTP 200; SHA-256 d0409e4411ecf5e1.,yes
167,en-swsh9tg-TG24,swsh9tg-TG24,Acerola's Premonition,Brilliant Stars Trainer Gallery,TG24,30,Ultra Rare,Acerola's Premonition Brilliant Stars Trainer Gallery TG24/30 pokemon card,https://pkmncards.com/wp-content/uploads/en_US-SWSH9-TG024-acerolas_premonition.png,https://pkmncards.com/card/acerolas-premonition-brilliant-stars-brs-tg24/,Exact name/set/print matched on pkmncards.com; source page HTTP 200; direct PNG HTTP 200; SHA-256 7aa1b8b54f640968.,yes
168,en-swsh9tg-TG25,swsh9tg-TG25,Café Master,Brilliant Stars Trainer Gallery,TG25,30,Ultra Rare,Café Master Brilliant Stars Trainer Gallery TG25/30 pokemon card,https://pkmncards.com/wp-content/uploads/en_US-SWSH9-TG025-cafe_master.png,https://pkmncards.com/card/cafe-master-brilliant-stars-brs-tg25/,Exact name/set/print matched on pkmncards.com; source page HTTP 200; direct PNG HTTP 200; SHA-256 10f2b780c52bbb93.,yes
169,en-swsh9tg-TG26,swsh9tg-TG26,Gloria,Brilliant Stars Trainer Gallery,TG26,30,Ultra Rare,Gloria Brilliant Stars Trainer Gallery TG26/30 pokemon card,https://pkmncards.com/wp-content/uploads/en_US-SWSH9-TG026-gloria.png,https://pkmncards.com/card/gloria-brilliant-stars-brs-tg26/,Exact name/set/print matched on pkmncards.com; source page HTTP 200; direct PNG HTTP 200; SHA-256 6faf7870ed261c80.,yes
170,en-swsh9tg-TG27,swsh9tg-TG27,Rapid Strike Style Mustard,Brilliant Stars Trainer Gallery,TG27,30,Ultra Rare,Rapid Strike Style Mustard Brilliant Stars Trainer Gallery TG27/30 pokemon card,https://pkmncards.com/wp-content/uploads/en_US-SWSH9-TG027-rapid_strike_style_mustard.png,https://pkmncards.com/card/rapid-strike-style-mustard-brilliant-stars-brs-tg27/,Exact name/set/print matched on pkmncards.com; source page HTTP 200; direct PNG HTTP 200; SHA-256 ef9fd5594f47c1dd.,yes
171,en-swsh9tg-TG28,swsh9tg-TG28,Single Strike Style Mustard,Brilliant Stars Trainer Gallery,TG28,30,Ultra Rare,Single Strike Style Mustard Brilliant Stars Trainer Gallery TG28/30 pokemon card,https://pkmncards.com/wp-content/uploads/en_US-SWSH9-TG028-single_strike_style_mustard.png,https://pkmncards.com/card/single-strike-style-mustard-brilliant-stars-brs-tg28/,Exact name/set/print matched on pkmncards.com; source page HTTP 200; direct PNG HTTP 200; SHA-256 ca37baef69957b55.,yes
172,en-swsh9tg-TG29,swsh9tg-TG29,Single Strike Urshifu VMAX,Brilliant Stars Trainer Gallery,TG29,30,Secret Rare,Single Strike Urshifu VMAX Brilliant Stars Trainer Gallery TG29/30 pokemon card,https://pkmncards.com/wp-content/uploads/en_US-SWSH9-TG029-single_strike_urshifu_vmax.png,https://pkmncards.com/card/single-strike-urshifu-vmax-brilliant-stars-brs-tg29/,Exact name/set/print matched on pkmncards.com; source page HTTP 200; direct PNG HTTP 200; SHA-256 794e6e81a9e3aa21.,yes
173,en-swsh9tg-TG30,swsh9tg-TG30,Rapid Strike Urshifu VMAX,Brilliant Stars Trainer Gallery,TG30,30,Secret Rare,Rapid Strike Urshifu VMAX Brilliant Stars Trainer Gallery TG30/30 pokemon card,https://pkmncards.com/wp-content/uploads/en_US-SWSH9-TG030-rapid_strike_urshifu_vmax.png,https://pkmncards.com/card/rapid-strike-urshifu-vmax-brilliant-stars-brs-tg30/,Exact name/set/print matched on pkmncards.com; source page HTTP 200; direct PNG HTTP 200; SHA-256 e3b8cc0467110350.,yes
174,en-cel25-25,cel25-25,Mew,Celebrations,25,25,Secret Rare,Mew Celebrations 25/25 pokemon card,https://pkmncards.com/wp-content/uploads/en_US-Ann25th-025-mew.png,https://pkmncards.com/card/mew-celebrations-cel-025/,Exact name/set/print matched on pkmncards.com; source page HTTP 200; direct PNG HTTP 200; SHA-256 a37ea80c99983b70.,yes
175,en-cel25cc-CC001,cel25cc-CC001,Blastoise,Celebrations Classic Collection,CC001,25,Classic Collection,Blastoise Celebrations Classic Collection CC001/25 pokemon card,https://pkmncards.com/wp-content/uploads/en_US-Ann25thR-002-blastoise.png,https://pkmncards.com/card/blastoise-celebrations-cel-2/,Exact name/set/print matched on pkmncards.com; source page HTTP 200; direct PNG HTTP 200; SHA-256 63a67e90a2fbfad4.,yes
176,en-cel25cc-CC002,cel25cc-CC002,Charizard,Celebrations Classic Collection,CC002,25,Classic Collection,Charizard Celebrations Classic Collection CC002/25 pokemon card,https://pkmncards.com/wp-content/uploads/en_US-Ann25thR-004-charizard.png,https://pkmncards.com/card/charizard-celebrations-cel-4/,Exact name/set/print matched on pkmncards.com; source page HTTP 200; direct PNG HTTP 200; SHA-256 04d91a6572cff33e.,yes
177,en-cel25cc-CC003,cel25cc-CC003,Venusaur,Celebrations Classic Collection,CC003,25,Classic Collection,Venusaur Celebrations Classic Collection CC003/25 pokemon card,https://pkmncards.com/wp-content/uploads/en_US-Ann25thR-015-venusaur.png,https://pkmncards.com/card/venusaur-celebrations-cel-15/,Exact name/set/print matched on pkmncards.com; source page HTTP 200; direct PNG HTTP 200; SHA-256 db9ce935ef50e757.,yes
178,en-cel25cc-CC004,cel25cc-CC004,Imposter Professor Oak,Celebrations Classic Collection,CC004,25,Classic Collection,Imposter Professor Oak Celebrations Classic Collection CC004/25 pokemon card,https://pkmncards.com/wp-content/uploads/en_US-Ann25thR-073-imposter_professor_oak.png,https://pkmncards.com/card/imposter-professor-oak-celebrations-cel-73/,Exact name/set/print matched on pkmncards.com; source page HTTP 200; direct PNG HTTP 200; SHA-256 98d390414c80cf42.,yes
179,en-cel25cc-CC005,cel25cc-CC005,Dark Gyarados,Celebrations Classic Collection,CC005,25,Classic Collection,Dark Gyarados Celebrations Classic Collection CC005/25 pokemon card,https://pkmncards.com/wp-content/uploads/en_US-Ann25thR-008-dark_gyarados.png,https://pkmncards.com/card/dark-gyarados-celebrations-cel-8/,Exact name/set/print matched on pkmncards.com; source page HTTP 200; direct PNG HTTP 200; SHA-256 fa44cd7467c247e0.,yes
180,en-cel25cc-CC006,cel25cc-CC006,Here Comes Team Rocket!,Celebrations Classic Collection,CC006,25,Classic Collection,Here Comes Team Rocket! Celebrations Classic Collection CC006/25 pokemon card,https://pkmncards.com/wp-content/uploads/en_US-Ann25thR-015-here_comes_team_rocket.png,https://pkmncards.com/card/here-comes-team-rocket-celebrations-cel-15/,Exact name/set/print matched on pkmncards.com; source page HTTP 200; direct PNG HTTP 200; SHA-256 39f5eea24d4caa71.,yes
181,en-cel25cc-CC007,cel25cc-CC007,Rocket's Zapdos,Celebrations Classic Collection,CC007,25,Classic Collection,Rocket's Zapdos Celebrations Classic Collection CC007/25 pokemon card,https://pkmncards.com/wp-content/uploads/en_US-Ann25thR-015-rockets_zapdos.png,https://pkmncards.com/card/rockets-zapdos-celebrations-cel-15/,Exact name/set/print matched on pkmncards.com; source page HTTP 200; direct PNG HTTP 200; SHA-256 6d9b589d5d337f8e.,yes
182,en-cel25cc-CC008,cel25cc-CC008,_____'s Pikachu,Celebrations Classic Collection,CC008,25,Classic Collection,_____'s Pikachu Celebrations Classic Collection CC008/25 pokemon card,https://pkmncards.com/wp-content/uploads/en_US-Ann25thR-024-_s_pikachu.png,https://pkmncards.com/card/_____s-pikachu-celebrations-cel-24/,Exact name/set/print matched on pkmncards.com; source page HTTP 200; direct PNG HTTP 200; SHA-256 3ea796c1aff5d4c6.,yes
183,en-cel25cc-CC009,cel25cc-CC009,Cleffa,Celebrations Classic Collection,CC009,25,Classic Collection,Cleffa Celebrations Classic Collection CC009/25 pokemon card,https://pkmncards.com/wp-content/uploads/en_US-Ann25thR-020-cleffa.png,https://pkmncards.com/card/cleffa-celebrations-cel-20/,Exact name/set/print matched on pkmncards.com; source page HTTP 200; direct PNG HTTP 200; SHA-256 2528e249ace61f90.,yes
184,en-cel25cc-CC010,cel25cc-CC010,Shining Magikarp,Celebrations Classic Collection,CC010,25,Classic Collection,Shining Magikarp Celebrations Classic Collection CC010/25 pokemon card,https://pkmncards.com/wp-content/uploads/en_US-Ann25thR-066-shining_magikarp.png,https://pkmncards.com/card/shining-magikarp-celebrations-cel-66/,Exact name/set/print matched on pkmncards.com; source page HTTP 200; direct PNG HTTP 200; SHA-256 978be65eeeda27a1.,yes
185,en-cel25cc-CC011,cel25cc-CC011,Team Magma's Groudon,Celebrations Classic Collection,CC011,25,Classic Collection,Team Magma's Groudon Celebrations Classic Collection CC011/25 pokemon card,https://pkmncards.com/wp-content/uploads/en_US-Ann25thR-009-team_magmas_groudon.png,https://pkmncards.com/card/team-magmas-groudon-celebrations-cel-9/,Exact name/set/print matched on pkmncards.com; source page HTTP 200; direct PNG HTTP 200; SHA-256 3ab065887e44818d.,yes
186,en-cel25cc-CC012,cel25cc-CC012,Rocket's Admin.,Celebrations Classic Collection,CC012,25,Classic Collection,Rocket's Admin. Celebrations Classic Collection CC012/25 pokemon card,https://pkmncards.com/wp-content/uploads/en_US-Ann25thR-086-rockets_admin.png,https://pkmncards.com/card/rockets-admin-celebrations-cel-86/,Exact name/set/print matched on pkmncards.com; source page HTTP 200; direct PNG HTTP 200; SHA-256 2cb1478e0af9b189.,yes
187,en-cel25cc-CC013,cel25cc-CC013,Mew ex,Celebrations Classic Collection,CC013,25,Classic Collection,Mew ex Celebrations Classic Collection CC013/25 pokemon card,https://pkmncards.com/wp-content/uploads/en_US-Ann25thR-088-mew_ex.png,https://pkmncards.com/card/mew-ex-celebrations-cel-88/,Exact name/set/print matched on pkmncards.com; source page HTTP 200; direct PNG HTTP 200; SHA-256 1ebd507258f2c303.,yes
188,en-cel25cc-CC014,cel25cc-CC014,Gardevoir ex,Celebrations Classic Collection,CC014,25,Classic Collection,Gardevoir ex Celebrations Classic Collection CC014/25 pokemon card,https://pkmncards.com/wp-content/uploads/en_US-Ann25thR-093-gardevoir_ex.png,https://pkmncards.com/card/gardevoir-ex-celebrations-cel-93/,Exact name/set/print matched on pkmncards.com; source page HTTP 200; direct PNG HTTP 200; SHA-256 3d3da82e3f7148dd.,yes
189,en-cel25cc-CC015,cel25cc-CC015,Umbreon ☆,Celebrations Classic Collection,CC015,25,Classic Collection,Umbreon ☆ Celebrations Classic Collection CC015/25 pokemon card,https://pkmncards.com/wp-content/uploads/en_US-Ann25thR-017-umbreon_star.png,https://pkmncards.com/card/umbreon-star-celebrations-cel-17/,Exact name/set/print matched on pkmncards.com; source page HTTP 200; direct PNG HTTP 200; SHA-256 4aa9d94ac93eaab6.,yes
190,en-cel25cc-CC016,cel25cc-CC016,Claydol,Celebrations Classic Collection,CC016,25,Classic Collection,Claydol Celebrations Classic Collection CC016/25 pokemon card,https://pkmncards.com/wp-content/uploads/en_US-Ann25thR-015-claydol.png,https://pkmncards.com/card/claydol-celebrations-cel-15/,Exact name/set/print matched on pkmncards.com; source page HTTP 200; direct PNG HTTP 200; SHA-256 5fa04fce385cbdce.,yes
191,en-cel25cc-CC017,cel25cc-CC017,Luxray GL LV.X,Celebrations Classic Collection,CC017,25,Classic Collection,Luxray GL LV.X Celebrations Classic Collection CC017/25 pokemon card,https://pkmncards.com/wp-content/uploads/en_US-Ann25thR-109-luxray_gl.png,https://pkmncards.com/card/luxray-gl-lv-x-celebrations-cel-109/,Exact name/set/print matched on pkmncards.com; source page HTTP 200; direct PNG HTTP 200; SHA-256 8b62a66c212a9a3b.,yes
192,en-cel25cc-CC018,cel25cc-CC018,Garchomp C LV.X,Celebrations Classic Collection,CC018,25,Classic Collection,Garchomp C LV.X Celebrations Classic Collection CC018/25 pokemon card,https://pkmncards.com/wp-content/uploads/en_US-Ann25thR-145-garchomp_c.png,https://pkmncards.com/card/garchomp-c-lv-x-celebrations-cel-145/,Exact name/set/print matched on pkmncards.com; source page HTTP 200; direct PNG HTTP 200; SHA-256 5356035da54917c4.,yes
193,en-cel25cc-CC019,cel25cc-CC019,Donphan,Celebrations Classic Collection,CC019,25,Classic Collection,Donphan Celebrations Classic Collection CC019/25 pokemon card,https://pkmncards.com/wp-content/uploads/en_US-Ann25thR-107-donphan.png,https://pkmncards.com/card/donphan-celebrations-cel-107/,Exact name/set/print matched on pkmncards.com; source page HTTP 200; direct PNG HTTP 200; SHA-256 5dfa731baf3f883c.,yes
194,en-cel25cc-CC020,cel25cc-CC020,Reshiram,Celebrations Classic Collection,CC020,25,Classic Collection,Reshiram Celebrations Classic Collection CC020/25 pokemon card,https://pkmncards.com/wp-content/uploads/en_US-Ann25thR-113-reshiram.png,https://pkmncards.com/card/reshiram-celebrations-cel-113/,Exact name/set/print matched on pkmncards.com; source page HTTP 200; direct PNG HTTP 200; SHA-256 4fb0761060c543c6.,yes
195,en-cel25cc-CC021,cel25cc-CC021,Zekrom,Celebrations Classic Collection,CC021,25,Classic Collection,Zekrom Celebrations Classic Collection CC021/25 pokemon card,https://pkmncards.com/wp-content/uploads/en_US-Ann25thR-114-zekrom.png,https://pkmncards.com/card/zekrom-celebrations-cel-114/,Exact name/set/print matched on pkmncards.com; source page HTTP 200; direct PNG HTTP 200; SHA-256 e788f96cc1def285.,yes
196,en-cel25cc-CC022,cel25cc-CC022,Mewtwo EX,Celebrations Classic Collection,CC022,25,Classic Collection,Mewtwo EX Celebrations Classic Collection CC022/25 pokemon card,https://pkmncards.com/wp-content/uploads/en_US-Ann25thR-054-mewtwo_ex.png,https://pkmncards.com/card/mewtwo-ex-celebrations-cel-54/,Exact name/set/print matched on pkmncards.com; source page HTTP 200; direct PNG HTTP 200; SHA-256 819ce86229708382.,yes
197,en-cel25cc-CC023,cel25cc-CC023,Xerneas EX,Celebrations Classic Collection,CC023,25,Classic Collection,Xerneas EX Celebrations Classic Collection CC023/25 pokemon card,https://pkmncards.com/wp-content/uploads/en_US-Ann25thR-097-xerneas_ex.png,https://pkmncards.com/card/xerneas-ex-celebrations-cel-97/,Exact name/set/print matched on pkmncards.com; source page HTTP 200; direct PNG HTTP 200; SHA-256 2e32fbdb5a16ff98.,yes
198,en-cel25cc-CC024,cel25cc-CC024,M Rayquaza EX,Celebrations Classic Collection,CC024,25,Classic Collection,M Rayquaza EX Celebrations Classic Collection CC024/25 pokemon card,https://pkmncards.com/wp-content/uploads/en_US-Ann25thR-076-m_rayquaza_ex.png,https://pkmncards.com/card/m-rayquaza-ex-celebrations-cel-76/,Exact name/set/print matched on pkmncards.com; source page HTTP 200; direct PNG HTTP 200; SHA-256 7a658b91c4afd483.,yes
199,en-cel25cc-CC025,cel25cc-CC025,Tapu Lele GX,Celebrations Classic Collection,CC025,25,Classic Collection,Tapu Lele GX Celebrations Classic Collection CC025/25 pokemon card,https://pkmncards.com/wp-content/uploads/en_US-Ann25thR-060-tapu_lele_gx.png,https://pkmncards.com/card/tapu-lele-gx-celebrations-cel-60/,Exact name/set/print matched on pkmncards.com; source page HTTP 200; direct PNG HTTP 200; SHA-256 b7d304a1fbc5d285.,yes
200,en-swsh12.5gg-GG01,swsh12.5gg-GG01,Hisuian Voltorb,Crown Zenith Galarian Gallery,GG01,70,Rare,Hisuian Voltorb Crown Zenith Galarian Gallery GG01/70 pokemon card,https://pkmncards.com/wp-content/uploads/en_US-CZ-GG001-hisuian_voltorb.png,https://pkmncards.com/card/hisuian-voltorb-crown-zenith-crz-gg01/,Exact name/set/print matched on pkmncards.com; source page HTTP 200; direct PNG HTTP 200; SHA-256 c6151c3138de49eb.,yes
201,en-swsh12.5gg-GG02,swsh12.5gg-GG02,Kricketune,Crown Zenith Galarian Gallery,GG02,70,Rare,Kricketune Crown Zenith Galarian Gallery GG02/70 pokemon card,https://pkmncards.com/wp-content/uploads/en_US-CZ-GG002-kricketune.png,https://pkmncards.com/card/kricketune-crown-zenith-crz-gg02/,Exact name/set/print matched on pkmncards.com; source page HTTP 200; direct PNG HTTP 200; SHA-256 92e4cf89e0f00483.,yes
202,en-swsh12.5gg-GG03,swsh12.5gg-GG03,Magmortar,Crown Zenith Galarian Gallery,GG03,70,Rare,Magmortar Crown Zenith Galarian Gallery GG03/70 pokemon card,https://pkmncards.com/wp-content/uploads/en_US-CZ-GG003-magmortar.png,https://pkmncards.com/card/magmortar-crown-zenith-crz-gg03/,Exact name/set/print matched on pkmncards.com; source page HTTP 200; direct PNG HTTP 200; SHA-256 34f8809f1e0b7e78.,yes
203,en-swsh12.5gg-GG04,swsh12.5gg-GG04,Oricorio,Crown Zenith Galarian Gallery,GG04,70,Rare,Oricorio Crown Zenith Galarian Gallery GG04/70 pokemon card,https://pkmncards.com/wp-content/uploads/en_US-CZ-GG004-oricorio.png,https://pkmncards.com/card/oricorio-crown-zenith-crz-gg04/,Exact name/set/print matched on pkmncards.com; source page HTTP 200; direct PNG HTTP 200; SHA-256 196b8ba008f6751d.,yes
204,en-swsh12.5gg-GG05,swsh12.5gg-GG05,Lapras,Crown Zenith Galarian Gallery,GG05,70,Rare,Lapras Crown Zenith Galarian Gallery GG05/70 pokemon card,https://pkmncards.com/wp-content/uploads/en_US-CZ-GG005-lapras.png,https://pkmncards.com/card/lapras-crown-zenith-crz-gg05/,Exact name/set/print matched on pkmncards.com; source page HTTP 200; direct PNG HTTP 200; SHA-256 2ed19e59223a1b90.,yes
205,en-swsh12.5gg-GG06,swsh12.5gg-GG06,Manaphy,Crown Zenith Galarian Gallery,GG06,70,Rare,Manaphy Crown Zenith Galarian Gallery GG06/70 pokemon card,https://pkmncards.com/wp-content/uploads/en_US-CZ-GG006-manaphy.png,https://pkmncards.com/card/manaphy-crown-zenith-crz-gg06/,Exact name/set/print matched on pkmncards.com; source page HTTP 200; direct PNG HTTP 200; SHA-256 773a89fe810bb32b.,yes
206,en-swsh12.5gg-GG07,swsh12.5gg-GG07,Keldeo,Crown Zenith Galarian Gallery,GG07,70,Rare,Keldeo Crown Zenith Galarian Gallery GG07/70 pokemon card,https://pkmncards.com/wp-content/uploads/en_US-CZ-GG007-keldeo.png,https://pkmncards.com/card/keldeo-crown-zenith-crz-gg07/,Exact name/set/print matched on pkmncards.com; source page HTTP 200; direct PNG HTTP 200; SHA-256 6f4cd181bcff789c.,yes
207,en-swsh12.5gg-GG08,swsh12.5gg-GG08,Electivire,Crown Zenith Galarian Gallery,GG08,70,Rare,Electivire Crown Zenith Galarian Gallery GG08/70 pokemon card,https://pkmncards.com/wp-content/uploads/en_US-CZ-GG008-electivire.png,https://pkmncards.com/card/electivire-crown-zenith-crz-gg08/,Exact name/set/print matched on pkmncards.com; source page HTTP 200; direct PNG HTTP 200; SHA-256 12159cc38cc03d91.,yes
208,en-swsh12.5gg-GG09,swsh12.5gg-GG09,Toxtricity,Crown Zenith Galarian Gallery,GG09,70,Rare,Toxtricity Crown Zenith Galarian Gallery GG09/70 pokemon card,https://pkmncards.com/wp-content/uploads/en_US-CZ-GG009-toxtricity.png,https://pkmncards.com/card/toxtricity-crown-zenith-crz-gg09/,Exact name/set/print matched on pkmncards.com; source page HTTP 200; direct PNG HTTP 200; SHA-256 5e42a14a1182c02a.,yes
209,en-swsh12.5gg-GG10,swsh12.5gg-GG10,Mew,Crown Zenith Galarian Gallery,GG10,70,Rare,Mew Crown Zenith Galarian Gallery GG10/70 pokemon card,https://pkmncards.com/wp-content/uploads/en_US-CZ-GG010-mew.png,https://pkmncards.com/card/mew-crown-zenith-crz-gg10/,Exact name/set/print matched on pkmncards.com; source page HTTP 200; direct PNG HTTP 200; SHA-256 e2b2341b4854d678.,yes
210,en-swsh12.5gg-GG11,swsh12.5gg-GG11,Lunatone,Crown Zenith Galarian Gallery,GG11,70,Rare,Lunatone Crown Zenith Galarian Gallery GG11/70 pokemon card,https://pkmncards.com/wp-content/uploads/en_US-CZ-GG011-lunatone.png,https://pkmncards.com/card/lunatone-crown-zenith-crz-gg11/,Exact name/set/print matched on pkmncards.com; source page HTTP 200; direct PNG HTTP 200; SHA-256 cbfc381cb926f7c5.,yes
211,en-swsh12.5gg-GG12,swsh12.5gg-GG12,Deoxys,Crown Zenith Galarian Gallery,GG12,70,Rare,Deoxys Crown Zenith Galarian Gallery GG12/70 pokemon card,https://pkmncards.com/wp-content/uploads/en_US-CZ-GG012-deoxys.png,https://pkmncards.com/card/deoxys-crown-zenith-crz-gg12/,Exact name/set/print matched on pkmncards.com; source page HTTP 200; direct PNG HTTP 200; SHA-256 1e50146d6cd0041a.,yes
212,en-swsh12.5gg-GG13,swsh12.5gg-GG13,Diancie,Crown Zenith Galarian Gallery,GG13,70,Rare,Diancie Crown Zenith Galarian Gallery GG13/70 pokemon card,https://pkmncards.com/wp-content/uploads/en_US-CZ-GG013-diancie.png,https://pkmncards.com/card/diancie-crown-zenith-crz-gg13/,Exact name/set/print matched on pkmncards.com; source page HTTP 200; direct PNG HTTP 200; SHA-256 7b18d7366e73cd22.,yes
213,en-swsh12.5gg-GG14,swsh12.5gg-GG14,Comfey,Crown Zenith Galarian Gallery,GG14,70,Rare,Comfey Crown Zenith Galarian Gallery GG14/70 pokemon card,https://pkmncards.com/wp-content/uploads/en_US-CZ-GG014-comfey.png,https://pkmncards.com/card/comfey-crown-zenith-crz-gg14/,Exact name/set/print matched on pkmncards.com; source page HTTP 200; direct PNG HTTP 200; SHA-256 c5cee6151a9e6317.,yes
214,en-swsh12.5gg-GG15,swsh12.5gg-GG15,Solrock,Crown Zenith Galarian Gallery,GG15,70,Rare,Solrock Crown Zenith Galarian Gallery GG15/70 pokemon card,https://pkmncards.com/wp-content/uploads/en_US-CZ-GG015-solrock.png,https://pkmncards.com/card/solrock-crown-zenith-crz-gg15/,Exact name/set/print matched on pkmncards.com; source page HTTP 200; direct PNG HTTP 200; SHA-256 d0c42d29dcd7f682.,yes
215,en-swsh12.5gg-GG16,swsh12.5gg-GG16,Absol,Crown Zenith Galarian Gallery,GG16,70,Rare,Absol Crown Zenith Galarian Gallery GG16/70 pokemon card,https://pkmncards.com/wp-content/uploads/en_US-CZ-GG016-absol.png,https://pkmncards.com/card/absol-crown-zenith-crz-gg16/,Exact name/set/print matched on pkmncards.com; source page HTTP 200; direct PNG HTTP 200; SHA-256 3487485f9b28afd6.,yes
216,en-swsh12.5gg-GG17,swsh12.5gg-GG17,Thievul,Crown Zenith Galarian Gallery,GG17,70,Rare,Thievul Crown Zenith Galarian Gallery GG17/70 pokemon card,https://pkmncards.com/wp-content/uploads/en_US-CZ-GG017-thievul.png,https://pkmncards.com/card/thievul-crown-zenith-crz-gg17/,Exact name/set/print matched on pkmncards.com; source page HTTP 200; direct PNG HTTP 200; SHA-256 32dd42474ca58c1a.,yes
217,en-swsh12.5gg-GG18,swsh12.5gg-GG18,Magnezone,Crown Zenith Galarian Gallery,GG18,70,Rare,Magnezone Crown Zenith Galarian Gallery GG18/70 pokemon card,https://pkmncards.com/wp-content/uploads/en_US-CZ-GG018-magnezone.png,https://pkmncards.com/card/magnezone-crown-zenith-crz-gg18/,Exact name/set/print matched on pkmncards.com; source page HTTP 200; direct PNG HTTP 200; SHA-256 18445c32c6938c66.,yes
218,en-swsh12.5gg-GG19,swsh12.5gg-GG19,Altaria,Crown Zenith Galarian Gallery,GG19,70,Rare,Altaria Crown Zenith Galarian Gallery GG19/70 pokemon card,https://pkmncards.com/wp-content/uploads/en_US-CZ-GG019-altaria.png,https://pkmncards.com/card/altaria-crown-zenith-crz-gg19/,Exact name/set/print matched on pkmncards.com; source page HTTP 200; direct PNG HTTP 200; SHA-256 a06bebf055919664.,yes
219,en-swsh12.5gg-GG20,swsh12.5gg-GG20,Latias,Crown Zenith Galarian Gallery,GG20,70,Rare,Latias Crown Zenith Galarian Gallery GG20/70 pokemon card,https://pkmncards.com/wp-content/uploads/en_US-CZ-GG020-latias.png,https://pkmncards.com/card/latias-crown-zenith-crz-gg20/,Exact name/set/print matched on pkmncards.com; source page HTTP 200; direct PNG HTTP 200; SHA-256 8e3b8de965647978.,yes
220,en-swsh12.5gg-GG21,swsh12.5gg-GG21,Hisuian Goodra,Crown Zenith Galarian Gallery,GG21,70,Rare,Hisuian Goodra Crown Zenith Galarian Gallery GG21/70 pokemon card,https://pkmncards.com/wp-content/uploads/en_US-CZ-GG021-hisuian_goodra.png,https://pkmncards.com/card/hisuian-goodra-crown-zenith-crz-gg21/,Exact name/set/print matched on pkmncards.com; source page HTTP 200; direct PNG HTTP 200; SHA-256 7e7242dde91a9f7a.,yes
221,en-swsh12.5gg-GG22,swsh12.5gg-GG22,Ditto,Crown Zenith Galarian Gallery,GG22,70,Rare,Ditto Crown Zenith Galarian Gallery GG22/70 pokemon card,https://pkmncards.com/wp-content/uploads/en_US-CZ-GG022-ditto.png,https://pkmncards.com/card/ditto-crown-zenith-crz-gg22/,Exact name/set/print matched on pkmncards.com; source page HTTP 200; direct PNG HTTP 200; SHA-256 08fc9f028f73d7dd.,yes
222,en-swsh12.5gg-GG23,swsh12.5gg-GG23,Dunsparce,Crown Zenith Galarian Gallery,GG23,70,Rare,Dunsparce Crown Zenith Galarian Gallery GG23/70 pokemon card,https://pkmncards.com/wp-content/uploads/en_US-CZ-GG023-dunsparce.png,https://pkmncards.com/card/dunsparce-crown-zenith-crz-gg23/,Exact name/set/print matched on pkmncards.com; source page HTTP 200; direct PNG HTTP 200; SHA-256 e862da213ed1a6c9.,yes
223,en-swsh12.5gg-GG24,swsh12.5gg-GG24,Miltank,Crown Zenith Galarian Gallery,GG24,70,Rare,Miltank Crown Zenith Galarian Gallery GG24/70 pokemon card,https://pkmncards.com/wp-content/uploads/en_US-CZ-GG024-miltank.png,https://pkmncards.com/card/miltank-crown-zenith-crz-gg24/,Exact name/set/print matched on pkmncards.com; source page HTTP 200; direct PNG HTTP 200; SHA-256 e870dc6f2773a87a.,yes
224,en-swsh12.5gg-GG25,swsh12.5gg-GG25,Bibarel,Crown Zenith Galarian Gallery,GG25,70,Rare,Bibarel Crown Zenith Galarian Gallery GG25/70 pokemon card,https://pkmncards.com/wp-content/uploads/en_US-CZ-GG025-bibarel.png,https://pkmncards.com/card/bibarel-crown-zenith-crz-gg25/,Exact name/set/print matched on pkmncards.com; source page HTTP 200; direct PNG HTTP 200; SHA-256 932c49fdaf38d8d6.,yes
225,en-swsh12.5gg-GG26,swsh12.5gg-GG26,Riolu,Crown Zenith Galarian Gallery,GG26,70,Rare,Riolu Crown Zenith Galarian Gallery GG26/70 pokemon card,https://pkmncards.com/wp-content/uploads/en_US-CZ-GG026-riolu.png,https://pkmncards.com/card/riolu-crown-zenith-crz-gg26/,Exact name/set/print matched on pkmncards.com; source page HTTP 200; direct PNG HTTP 200; SHA-256 5d67ab9a3d6608e7.,yes
226,en-swsh12.5gg-GG27,swsh12.5gg-GG27,Swablu,Crown Zenith Galarian Gallery,GG27,70,Rare,Swablu Crown Zenith Galarian Gallery GG27/70 pokemon card,https://pkmncards.com/wp-content/uploads/en_US-CZ-GG027-swablu.png,https://pkmncards.com/card/swablu-crown-zenith-crz-gg27/,Exact name/set/print matched on pkmncards.com; source page HTTP 200; direct PNG HTTP 200; SHA-256 f4d0bed77f8fc0cd.,yes
227,en-swsh12.5gg-GG28,swsh12.5gg-GG28,Duskull,Crown Zenith Galarian Gallery,GG28,70,Rare,Duskull Crown Zenith Galarian Gallery GG28/70 pokemon card,https://pkmncards.com/wp-content/uploads/en_US-CZ-GG028-duskull.png,https://pkmncards.com/card/duskull-crown-zenith-crz-gg28/,Exact name/set/print matched on pkmncards.com; source page HTTP 200; direct PNG HTTP 200; SHA-256 6dd4281a0c4be850.,yes
228,en-swsh12.5gg-GG29,swsh12.5gg-GG29,Bidoof,Crown Zenith Galarian Gallery,GG29,70,Rare,Bidoof Crown Zenith Galarian Gallery GG29/70 pokemon card,https://pkmncards.com/wp-content/uploads/en_US-CZ-GG029-bidoof.png,https://pkmncards.com/card/bidoof-crown-zenith-crz-gg29/,Exact name/set/print matched on pkmncards.com; source page HTTP 200; direct PNG HTTP 200; SHA-256 31473b815c4edcd2.,yes
229,en-swsh12.5gg-GG30,swsh12.5gg-GG30,Pikachu,Crown Zenith Galarian Gallery,GG30,70,Rare,Pikachu Crown Zenith Galarian Gallery GG30/70 pokemon card,https://pkmncards.com/wp-content/uploads/en_US-CZ-GG030-pikachu.png,https://pkmncards.com/card/pikachu-crown-zenith-crz-gg30/,Exact name/set/print matched on pkmncards.com; source page HTTP 200; direct PNG HTTP 200; SHA-256 a18e6187cf07b0b6.,yes
230,en-swsh12.5gg-GG31,swsh12.5gg-GG31,Turtwig,Crown Zenith Galarian Gallery,GG31,70,Rare,Turtwig Crown Zenith Galarian Gallery GG31/70 pokemon card,https://pkmncards.com/wp-content/uploads/en_US-CZ-GG031-turtwig.png,https://pkmncards.com/card/turtwig-crown-zenith-crz-gg31/,Exact name/set/print matched on pkmncards.com; source page HTTP 200; direct PNG HTTP 200; SHA-256 11c4704608556b0a.,yes
231,en-swsh12.5gg-GG32,swsh12.5gg-GG32,Paras,Crown Zenith Galarian Gallery,GG32,70,Rare,Paras Crown Zenith Galarian Gallery GG32/70 pokemon card,https://pkmncards.com/wp-content/uploads/en_US-CZ-GG032-paras.png,https://pkmncards.com/card/paras-crown-zenith-crz-gg32/,Exact name/set/print matched on pkmncards.com; source page HTTP 200; direct PNG HTTP 200; SHA-256 9abe3957d9007ff1.,yes
232,en-swsh12.5gg-GG33,swsh12.5gg-GG33,Poochyena,Crown Zenith Galarian Gallery,GG33,70,Rare,Poochyena Crown Zenith Galarian Gallery GG33/70 pokemon card,https://pkmncards.com/wp-content/uploads/en_US-CZ-GG033-poochyena.png,https://pkmncards.com/card/poochyena-crown-zenith-crz-gg33/,Exact name/set/print matched on pkmncards.com; source page HTTP 200; direct PNG HTTP 200; SHA-256 edd3493ff1a8e648.,yes
233,en-swsh12.5gg-GG34,swsh12.5gg-GG34,Mareep,Crown Zenith Galarian Gallery,GG34,70,Rare,Mareep Crown Zenith Galarian Gallery GG34/70 pokemon card,https://pkmncards.com/wp-content/uploads/en_US-CZ-GG034-mareep.png,https://pkmncards.com/card/mareep-crown-zenith-crz-gg34/,Exact name/set/print matched on pkmncards.com; source page HTTP 200; direct PNG HTTP 200; SHA-256 dc41e1f090ea62af.,yes
234,en-swsh12.5gg-GG35,swsh12.5gg-GG35,Leafeon VSTAR,Crown Zenith Galarian Gallery,GG35,70,Ultra Rare,Leafeon VSTAR Crown Zenith Galarian Gallery GG35/70 pokemon card,https://pkmncards.com/wp-content/uploads/en_US-CZ-GG035-leafeon_vstar.png,https://pkmncards.com/card/leafeon-vstar-crown-zenith-crz-gg35/,Exact name/set/print matched on pkmncards.com; source page HTTP 200; direct PNG HTTP 200; SHA-256 41ce94a3795ccb08.,yes
235,en-swsh12.5gg-GG36,swsh12.5gg-GG36,Entei V,Crown Zenith Galarian Gallery,GG36,70,Ultra Rare,Entei V Crown Zenith Galarian Gallery GG36/70 pokemon card,https://pkmncards.com/wp-content/uploads/en_US-CZ-GG036-entei_v.png,https://pkmncards.com/card/entei-v-crown-zenith-crz-gg36/,Exact name/set/print matched on pkmncards.com; source page HTTP 200; direct PNG HTTP 200; SHA-256 6f48b3c46279e586.,yes
236,en-swsh12.5gg-GG37,swsh12.5gg-GG37,Simisear VSTAR,Crown Zenith Galarian Gallery,GG37,70,Ultra Rare,Simisear VSTAR Crown Zenith Galarian Gallery GG37/70 pokemon card,https://pkmncards.com/wp-content/uploads/en_US-CZ-GG037-simisear_vstar.png,https://pkmncards.com/card/simisear-vstar-crown-zenith-crz-gg37/,Exact name/set/print matched on pkmncards.com; source page HTTP 200; direct PNG HTTP 200; SHA-256 138bac1ca42df541.,yes
237,en-swsh12.5gg-GG38,swsh12.5gg-GG38,Suicune V,Crown Zenith Galarian Gallery,GG38,70,Ultra Rare,Suicune V Crown Zenith Galarian Gallery GG38/70 pokemon card,https://pkmncards.com/wp-content/uploads/en_US-CZ-GG038-suicune_v.png,https://pkmncards.com/card/suicune-v-crown-zenith-crz-gg38/,Exact name/set/print matched on pkmncards.com; source page HTTP 200; direct PNG HTTP 200; SHA-256 a065768b2d4bada6.,yes
238,en-swsh12.5gg-GG39,swsh12.5gg-GG39,Lumineon V,Crown Zenith Galarian Gallery,GG39,70,Ultra Rare,Lumineon V Crown Zenith Galarian Gallery GG39/70 pokemon card,https://pkmncards.com/wp-content/uploads/en_US-CZ-GG039-lumineon_v.png,https://pkmncards.com/card/lumineon-v-crown-zenith-crz-gg39/,Exact name/set/print matched on pkmncards.com; source page HTTP 200; direct PNG HTTP 200; SHA-256 642d750c4f57eb29.,yes
239,en-swsh12.5gg-GG40,swsh12.5gg-GG40,Glaceon VSTAR,Crown Zenith Galarian Gallery,GG40,70,Ultra Rare,Glaceon VSTAR Crown Zenith Galarian Gallery GG40/70 pokemon card,https://pkmncards.com/wp-content/uploads/en_US-CZ-GG040-glaceon_vstar.png,https://pkmncards.com/card/glaceon-vstar-crown-zenith-crz-gg40/,Exact name/set/print matched on pkmncards.com; source page HTTP 200; direct PNG HTTP 200; SHA-256 1a2028b290206299.,yes
240,en-swsh12.5gg-GG41,swsh12.5gg-GG41,Raikou V,Crown Zenith Galarian Gallery,GG41,70,Ultra Rare,Raikou V Crown Zenith Galarian Gallery GG41/70 pokemon card,https://pkmncards.com/wp-content/uploads/en_US-CZ-GG041-raikou_v.png,https://pkmncards.com/card/raikou-v-crown-zenith-crz-gg41/,Exact name/set/print matched on pkmncards.com; source page HTTP 200; direct PNG HTTP 200; SHA-256 60db085cd4189c8b.,yes
241,en-swsh12.5gg-GG42,swsh12.5gg-GG42,Zeraora VMAX,Crown Zenith Galarian Gallery,GG42,70,Ultra Rare,Zeraora VMAX Crown Zenith Galarian Gallery GG42/70 pokemon card,https://pkmncards.com/wp-content/uploads/en_US-CZ-GG042-zeraora_vmax.png,https://pkmncards.com/card/zeraora-vmax-crown-zenith-crz-gg42/,Exact name/set/print matched on pkmncards.com; source page HTTP 200; direct PNG HTTP 200; SHA-256 a5e7471150c7e1f3.,yes
242,en-swsh12.5gg-GG43,swsh12.5gg-GG43,Zeraora VSTAR,Crown Zenith Galarian Gallery,GG43,70,Ultra Rare,Zeraora VSTAR Crown Zenith Galarian Gallery GG43/70 pokemon card,https://pkmncards.com/wp-content/uploads/en_US-CZ-GG043-zeraora_vstar.png,https://pkmncards.com/card/zeraora-vstar-crown-zenith-crz-gg43/,Exact name/set/print matched on pkmncards.com; source page HTTP 200; direct PNG HTTP 200; SHA-256 a014982faa6dc570.,yes
243,en-swsh12.5gg-GG44,swsh12.5gg-GG44,Mewtwo VSTAR,Crown Zenith Galarian Gallery,GG44,70,Ultra Rare,Mewtwo VSTAR Crown Zenith Galarian Gallery GG44/70 pokemon card,https://pkmncards.com/wp-content/uploads/en_US-CZ-GG044-mewtwo_vstar.png,https://pkmncards.com/card/mewtwo-vstar-crown-zenith-crz-gg44/,Exact name/set/print matched on pkmncards.com; source page HTTP 200; direct PNG HTTP 200; SHA-256 2b832e8c2803439a.,yes
244,en-swsh12.5gg-GG45,swsh12.5gg-GG45,Deoxys VMAX,Crown Zenith Galarian Gallery,GG45,70,Ultra Rare,Deoxys VMAX Crown Zenith Galarian Gallery GG45/70 pokemon card,https://pkmncards.com/wp-content/uploads/en_US-CZ-GG045-deoxys_vmax.png,https://pkmncards.com/card/deoxys-vmax-crown-zenith-crz-gg45/,Exact name/set/print matched on pkmncards.com; source page HTTP 200; direct PNG HTTP 200; SHA-256 0d31e63bfbba3a87.,yes
245,en-swsh12.5gg-GG46,swsh12.5gg-GG46,Deoxys VSTAR,Crown Zenith Galarian Gallery,GG46,70,Ultra Rare,Deoxys VSTAR Crown Zenith Galarian Gallery GG46/70 pokemon card,https://pkmncards.com/wp-content/uploads/en_US-CZ-GG046-deoxys_vstar.png,https://pkmncards.com/card/deoxys-vstar-crown-zenith-crz-gg46/,Exact name/set/print matched on pkmncards.com; source page HTTP 200; direct PNG HTTP 200; SHA-256 2a55b4c1ed2a0bd6.,yes
246,en-swsh12.5gg-GG47,swsh12.5gg-GG47,Hatterene VMAX,Crown Zenith Galarian Gallery,GG47,70,Ultra Rare,Hatterene VMAX Crown Zenith Galarian Gallery GG47/70 pokemon card,https://pkmncards.com/wp-content/uploads/en_US-CZ-GG047-hatterene_vmax.png,https://pkmncards.com/card/hatterene-vmax-crown-zenith-crz-gg47/,Exact name/set/print matched on pkmncards.com; source page HTTP 200; direct PNG HTTP 200; SHA-256 b2d1db7746904a5e.,yes
247,en-swsh12.5gg-GG48,swsh12.5gg-GG48,Zacian V,Crown Zenith Galarian Gallery,GG48,70,Ultra Rare,Zacian V Crown Zenith Galarian Gallery GG48/70 pokemon card,https://pkmncards.com/wp-content/uploads/en_US-CZ-GG048-zacian_v.png,https://pkmncards.com/card/zacian-v-crown-zenith-crz-gg48/,Exact name/set/print matched on pkmncards.com; source page HTTP 200; direct PNG HTTP 200; SHA-256 3cc7ce1c40c46477.,yes
248,en-swsh12.5gg-GG49,swsh12.5gg-GG49,Drapion V,Crown Zenith Galarian Gallery,GG49,70,Ultra Rare,Drapion V Crown Zenith Galarian Gallery GG49/70 pokemon card,https://pkmncards.com/wp-content/uploads/en_US-CZ-GG049-drapion_v.png,https://pkmncards.com/card/drapion-v-crown-zenith-crz-gg49/,Exact name/set/print matched on pkmncards.com; source page HTTP 200; direct PNG HTTP 200; SHA-256 f12ae7a5ea089781.,yes
249,en-swsh12.5gg-GG50,swsh12.5gg-GG50,Darkrai VSTAR,Crown Zenith Galarian Gallery,GG50,70,Ultra Rare,Darkrai VSTAR Crown Zenith Galarian Gallery GG50/70 pokemon card,https://pkmncards.com/wp-content/uploads/en_US-CZ-GG050-darkrai_vstar.png,https://pkmncards.com/card/darkrai-vstar-crown-zenith-crz-gg50/,Exact name/set/print matched on pkmncards.com; source page HTTP 200; direct PNG HTTP 200; SHA-256 b7d21e9520a0072f.,yes
250,en-swsh12.5gg-GG51,swsh12.5gg-GG51,Hisuian Samurott V,Crown Zenith Galarian Gallery,GG51,70,Ultra Rare,Hisuian Samurott V Crown Zenith Galarian Gallery GG51/70 pokemon card,https://pkmncards.com/wp-content/uploads/en_US-CZ-GG051-hisuian_samurott_v.png,https://pkmncards.com/card/hisuian-samurott-v-crown-zenith-crz-gg51/,Exact name/set/print matched on pkmncards.com; source page HTTP 200; direct PNG HTTP 200; SHA-256 8e2cafa74d0a7047.,yes
